geofips,state,year,rpp_all_items,rpp_goods,rpp_housing,rpp_other_services,rpp_all_items_rank
00000,United States,2008,100.0,99.5,100.424,100.306,
00000,United States,2009,100.0,99.453,100.455,100.302,
00000,United States,2010,100.0,99.542,100.391,100.259,
00000,United States,2011,100.0,99.535,100.399,100.266,
00000,United States,2012,100.0,99.566,100.366,100.248,
00000,United States,2013,100.0,99.573,100.37,100.245,
00000,United States,2014,100.0,99.586,100.386,100.238,
00000,United States,2015,100.0,99.583,100.419,100.221,
00000,United States,2016,100.0,99.583,100.389,100.219,
00000,United States,2017,100.0,99.563,100.43,100.218,
00000,United States,2018,100.0,99.542,100.422,100.241,
00000,United States,2019,100.0,99.573,100.398,100.217,
00000,United States,2020,100.0,99.541,100.615,100.183,
00000,United States,2021,100.0,99.568,100.595,100.182,
00000,United States,2022,100.0,99.542,100.594,100.207,
00000,United States,2023,100.0,99.542,100.574,100.186,
00000,United States,2024,100.0,99.567,100.629,100.147,
01000,Alabama,2008,88.901,95.966,59.88,97.757,44
01000,Alabama,2009,87.786,93.986,60.148,96.689,47
01000,Alabama,2010,89.783,96.407,61.501,98.43,46
01000,Alabama,2011,90.011,95.951,60.854,99.76,45
01000,Alabama,2012,90.559,95.208,62.321,100.783,47
01000,Alabama,2013,90.324,96.222,61.409,99.949,47
01000,Alabama,2014,90.175,96.253,59.913,99.939,47
01000,Alabama,2015,89.741,95.222,59.246,100.041,47
01000,Alabama,2016,90.609,96.055,60.511,100.582,46
01000,Alabama,2017,90.065,95.483,61.118,98.995,43
01000,Alabama,2018,87.378,92.476,59.641,95.933,49
01000,Alabama,2019,88.303,94.601,60.277,96.859,49
01000,Alabama,2020,87.569,94.353,59.582,96.477,49
01000,Alabama,2021,88.062,93.928,60.596,96.148,50
01000,Alabama,2022,88.021,94.668,57.502,97.131,48
01000,Alabama,2023,89.097,94.606,61.601,98.178,44
01000,Alabama,2024,88.823,96.399,61.785,96.711,45
02000,Alaska,2008,103.878,105.924,105.956,102.853,11
02000,Alaska,2009,106.147,105.722,119.666,103.42,8
02000,Alaska,2010,103.099,104.009,113.679,99.919,11
02000,Alaska,2011,103.274,103.451,109.994,101.223,12
02000,Alaska,2012,102.548,101.501,116.474,99.53,11
02000,Alaska,2013,102.052,100.142,114.823,99.551,13
02000,Alaska,2014,102.386,99.883,116.652,100.17,12
02000,Alaska,2015,103.287,104.376,114.548,99.812,12
02000,Alaska,2016,104.073,107.412,108.72,100.713,11
02000,Alaska,2017,104.833,107.706,109.38,101.755,11
02000,Alaska,2018,104.565,103.212,104.763,104.399,10
02000,Alaska,2019,103.041,100.529,101.303,103.886,12
02000,Alaska,2020,101.339,101.531,89.699,103.822,15
02000,Alaska,2021,104.907,109.142,103.366,102.606,9
02000,Alaska,2022,102.101,105.589,96.585,101.401,15
02000,Alaska,2023,103.297,103.697,96.736,104.417,13
02000,Alaska,2024,102.359,106.319,93.784,102.208,14
04000,Arizona,2008,102.504,102.954,103.316,102.292,15
04000,Arizona,2009,102.865,106.401,99.867,102.1,14
04000,Arizona,2010,100.558,100.075,96.898,102.121,18
04000,Arizona,2011,99.083,98.959,94.775,100.535,22
04000,Arizona,2012,98.05,98.261,95.176,98.828,22
04000,Arizona,2013,98.441,97.602,93.617,100.928,22
04000,Arizona,2014,97.944,97.741,92.74,99.873,22
04000,Arizona,2015,97.865,98.517,93.772,98.67,23
04000,Arizona,2016,98.622,97.834,92.448,101.545,18
04000,Arizona,2017,97.915,97.225,93.527,99.881,23
04000,Arizona,2018,97.381,95.865,94.255,99.392,24
04000,Arizona,2019,97.779,96.004,93.582,100.848,24
04000,Arizona,2020,99.203,100.076,97.944,99.676,19
04000,Arizona,2021,96.6,95.069,102.346,96.409,23
04000,Arizona,2022,99.992,98.094,106.244,100.099,20
04000,Arizona,2023,100.742,97.941,108.561,101.173,17
04000,Arizona,2024,100.677,95.361,106.804,102.808,17
05000,Arkansas,2008,88.096,95.942,58.671,97.122,46
05000,Arkansas,2009,86.364,93.774,57.419,95.845,49
05000,Arkansas,2010,88.561,96.639,59.83,97.368,50
05000,Arkansas,2011,89.383,96.001,61.012,98.897,48
05000,Arkansas,2012,89.394,94.457,60.322,100.078,49
05000,Arkansas,2013,89.493,95.382,59.938,99.773,50
05000,Arkansas,2014,89.395,94.764,60.244,99.863,49
05000,Arkansas,2015,89.013,93.983,59.372,99.54,49
05000,Arkansas,2016,89.298,94.932,59.309,99.539,49
05000,Arkansas,2017,88.561,94.536,57.639,98.14,49
05000,Arkansas,2018,87.144,93.073,56.16,97.886,50
05000,Arkansas,2019,87.744,94.774,56.808,97.245,50
05000,Arkansas,2020,88.165,94.34,56.872,99.408,48
05000,Arkansas,2021,88.902,95.623,59.435,97.176,49
05000,Arkansas,2022,86.913,93.127,55.671,95.95,51
05000,Arkansas,2023,86.81,93.103,56.737,95.701,50
05000,Arkansas,2024,86.937,93.597,58.203,95.312,51
06000,California,2008,111.22,107.413,161.361,101.932,3
06000,California,2009,110.696,104.687,160.404,101.998,6
06000,California,2010,109.703,103.023,158.028,101.665,3
06000,California,2011,109.503,103.597,157.145,101.604,4
06000,California,2012,109.666,104.095,156.194,101.945,2
06000,California,2013,109.667,104.288,155.709,101.796,4
06000,California,2014,109.926,104.339,157.935,101.899,3
06000,California,2015,110.685,105.536,158.044,102.75,3
06000,California,2016,109.956,104.385,160.083,101.909,3
06000,California,2017,110.998,104.466,162.521,103.26,1
06000,California,2018,111.882,105.508,163.834,104.265,1
06000,California,2019,111.134,106.179,164.636,102.444,3
06000,California,2020,111.944,106.661,166.329,101.934,2
06000,California,2021,111.918,108.144,164.99,102.11,2
06000,California,2022,112.591,108.415,160.121,103.856,2
06000,California,2023,112.195,106.766,157.831,104.384,1
06000,California,2024,110.72,106.098,154.346,102.591,1
08000,Colorado,2008,103.315,104.436,113.855,100.901,13
08000,Colorado,2009,102.378,102.119,113.15,100.494,16
08000,Colorado,2010,100.59,101.267,112.151,97.526,17
08000,Colorado,2011,103.384,101.609,118.781,100.351,11
08000,Colorado,2012,103.138,101.351,115.653,101.397,9
08000,Colorado,2013,103.099,101.018,118.014,101.03,10
08000,Colorado,2014,103.068,100.171,120.756,100.041,11
08000,Colorado,2015,103.048,99.748,123.873,99.814,13
08000,Colorado,2016,102.716,99.775,126.18,98.534,13
08000,Colorado,2017,102.946,99.531,128.889,98.76,12
08000,Colorado,2018,100.29,97.572,128.338,95.304,17
08000,Colorado,2019,102.491,101.582,131.041,95.907,13
08000,Colorado,2020,103.774,101.994,130.4,97.826,11
08000,Colorado,2021,102.765,101.776,129.43,96.748,12
08000,Colorado,2022,102.26,101.153,129.53,96.139,14
08000,Colorado,2023,101.856,99.179,130.501,96.461,15
08000,Colorado,2024,103.052,98.727,127.359,99.613,13
09000,Connecticut,2008,110.451,109.579,131.408,104.566,4
09000,Connecticut,2009,110.72,108.665,136.981,104.095,5
09000,Connecticut,2010,106.999,103.6,129.003,102.276,7
09000,Connecticut,2011,107.834,103.812,129.709,103.945,7
09000,Connecticut,2012,107.595,104.592,131.541,102.687,6
09000,Connecticut,2013,107.731,104.271,129.56,103.589,7
09000,Connecticut,2014,107.015,103.392,127.716,103.196,7
09000,Connecticut,2015,107.536,103.167,132.47,103.319,7
09000,Connecticut,2016,107.477,103.557,127.433,104.028,7
09000,Connecticut,2017,107.228,104.422,121.44,104.394,7
09000,Connecticut,2018,104.015,101.432,122.203,100.15,11
09000,Connecticut,2019,103.915,98.73,118.018,102.25,10
09000,Connecticut,2020,105.119,99.011,123.162,102.44,10
09000,Connecticut,2021,102.886,96.989,120.905,100.845,11
09000,Connecticut,2022,106.362,101.095,119.758,104.94,10
09000,Connecticut,2023,104.201,98.6,116.63,102.979,11
09000,Connecticut,2024,103.61,97.33,117.048,102.658,10
10000,Delaware,2008,100.753,103.51,93.736,100.607,18
10000,Delaware,2009,102.077,101.939,104.504,100.588,17
10000,Delaware,2010,101.545,101.52,99.375,101.476,15
10000,Delaware,2011,100.441,102.507,98.182,99.0,18
10000,Delaware,2012,99.566,99.436,98.121,99.288,20
10000,Delaware,2013,98.624,97.113,98.895,98.938,20
10000,Delaware,2014,99.708,95.653,103.868,100.98,17
10000,Delaware,2015,97.913,97.123,95.175,98.975,22
10000,Delaware,2016,98.478,98.6,94.403,99.472,19
10000,Delaware,2017,98.499,96.472,94.651,100.859,22
10000,Delaware,2018,99.252,96.806,99.301,100.805,20
10000,Delaware,2019,98.824,95.719,96.016,101.704,20
10000,Delaware,2020,96.791,94.497,91.873,100.048,25
10000,Delaware,2021,97.425,94.526,96.955,99.865,21
10000,Delaware,2022,98.007,94.641,99.095,100.124,21
10000,Delaware,2023,98.759,97.295,98.932,99.4,18
10000,Delaware,2024,99.808,96.155,102.015,101.235,20
11000,District of Columbia,2008,112.368,112.19,156.775,105.297,1
11000,District of Columbia,2009,113.017,112.779,163.288,105.045,1
11000,District of Columbia,2010,114.226,109.393,182.567,105.972,1
11000,District of Columbia,2011,114.058,107.775,189.525,106.003,1
11000,District of Columbia,2012,111.644,105.744,177.233,104.288,1
11000,District of Columbia,2013,113.521,110.758,174.258,105.099,1
11000,District of Columbia,2014,114.242,105.512,191.339,106.878,1
11000,District of Columbia,2015,113.321,105.684,178.359,106.848,1
11000,District of Columbia,2016,112.415,106.386,184.558,104.743,1
11000,District of Columbia,2017,110.146,104.525,176.946,102.861,3
11000,District of Columbia,2018,111.317,107.024,177.233,103.694,2
11000,District of Columbia,2019,109.228,104.732,170.405,102.121,5
11000,District of Columbia,2020,110.881,105.522,164.93,103.734,3
11000,District of Columbia,2021,111.572,107.837,175.503,102.302,3
11000,District of Columbia,2022,112.594,107.313,176.821,104.225,1
11000,District of Columbia,2023,110.713,106.547,168.096,102.866,2
11000,District of Columbia,2024,109.901,106.502,154.984,102.964,3
12000,Florida,2008,101.668,98.894,115.063,99.015,16
12000,Florida,2009,100.491,96.986,111.036,98.966,20
12000,Florida,2010,100.392,97.282,108.671,99.757,19
12000,Florida,2011,100.846,97.353,108.237,100.961,17
12000,Florida,2012,101.072,98.016,108.822,100.905,16
12000,Florida,2013,100.742,98.609,107.43,100.268,15
12000,Florida,2014,100.894,98.324,108.212,100.5,14
12000,Florida,2015,101.29,97.424,109.263,101.798,15
12000,Florida,2016,101.087,97.541,109.395,101.337,15
12000,Florida,2017,100.871,98.383,110.485,100.108,16
12000,Florida,2018,100.318,97.69,110.722,99.208,16
12000,Florida,2019,99.645,96.112,112.019,98.301,16
12000,Florida,2020,100.604,97.414,113.588,98.815,17
12000,Florida,2021,101.389,98.358,112.944,100.399,16
12000,Florida,2022,102.284,98.019,116.299,101.18,13
12000,Florida,2023,103.636,98.195,123.169,101.507,12
12000,Florida,2024,103.414,98.059,122.107,101.324,11
13000,Georgia,2008,94.254,94.441,82.749,99.088,31
13000,Georgia,2009,91.854,95.885,83.201,92.545,35
13000,Georgia,2010,94.574,96.557,81.465,98.565,30
13000,Georgia,2011,93.666,96.813,80.917,95.96,33
13000,Georgia,2012,95.298,97.228,80.474,99.593,29
13000,Georgia,2013,94.868,97.869,79.38,98.544,30
13000,Georgia,2014,94.962,97.245,79.43,99.069,30
13000,Georgia,2015,94.717,97.006,80.455,98.04,30
13000,Georgia,2016,94.991,97.199,81.228,98.261,28
13000,Georgia,2017,95.275,97.164,81.731,98.57,29
13000,Georgia,2018,94.832,97.762,81.806,97.396,27
13000,Georgia,2019,94.392,96.447,81.847,97.34,29
13000,Georgia,2020,94.478,96.381,83.079,97.42,27
13000,Georgia,2021,95.713,96.622,85.384,98.817,25
13000,Georgia,2022,95.678,97.631,87.644,96.844,26
13000,Georgia,2023,96.494,97.697,88.293,98.833,26
13000,Georgia,2024,96.293,98.929,88.694,97.343,27
15000,Hawaii,2008,109.773,106.754,146.805,99.239,5
15000,Hawaii,2009,112.715,108.869,145.89,103.498,2
15000,Hawaii,2010,109.56,108.553,143.051,99.441,4
15000,Hawaii,2011,109.94,108.46,142.953,99.512,3
15000,Hawaii,2012,108.393,106.221,137.589,99.149,5
15000,Hawaii,2013,112.319,108.988,153.495,100.886,2
15000,Hawaii,2014,110.596,109.052,146.484,99.723,2
15000,Hawaii,2015,111.504,110.683,153.726,99.773,2
15000,Hawaii,2016,109.901,112.285,139.348,99.146,4
15000,Hawaii,2017,110.466,112.606,149.674,98.274,2
15000,Hawaii,2018,110.929,116.577,143.002,98.346,4
15000,Hawaii,2019,111.767,115.259,142.64,100.164,1
15000,Hawaii,2020,113.279,112.445,136.43,104.029,1
15000,Hawaii,2021,112.564,110.146,140.322,104.353,1
15000,Hawaii,2022,111.148,111.959,132.25,102.767,3
15000,Hawaii,2023,109.703,110.346,128.69,102.094,3
15000,Hawaii,2024,109.951,111.562,125.304,102.898,2
16000,Idaho,2008,94.953,99.217,81.407,100.474,30
16000,Idaho,2009,94.843,100.583,79.022,100.132,30
16000,Idaho,2010,93.2,99.041,75.823,98.346,32
16000,Idaho,2011,94.115,99.599,74.687,100.637,31
16000,Idaho,2012,93.477,98.114,75.338,99.32,33
16000,Idaho,2013,93.681,96.344,78.704,99.754,33
16000,Idaho,2014,93.691,97.152,76.943,99.691,33
16000,Idaho,2015,94.281,100.282,74.196,99.426,31
16000,Idaho,2016,92.998,99.595,73.849,97.022,37
16000,Idaho,2017,94.518,101.143,74.138,99.527,30
16000,Idaho,2018,91.736,96.192,77.506,95.618,40
16000,Idaho,2019,92.437,98.902,75.677,96.463,39
16000,Idaho,2020,91.023,95.436,76.256,95.723,42
16000,Idaho,2021,91.563,96.616,84.161,92.043,36
16000,Idaho,2022,91.802,96.062,87.66,91.872,33
16000,Idaho,2023,92.236,95.901,86.853,93.26,32
16000,Idaho,2024,95.494,96.311,90.027,99.015,29
17000,Illinois,2008,100.316,99.378,103.047,100.523,20
17000,Illinois,2009,101.607,101.676,103.928,101.607,18
17000,Illinois,2010,101.778,102.152,104.955,101.312,14
17000,Illinois,2011,101.971,102.627,104.202,101.64,15
17000,Illinois,2012,100.947,101.083,102.294,101.263,17
17000,Illinois,2013,100.175,99.895,103.047,100.675,17
17000,Illinois,2014,99.697,100.479,102.823,99.025,18
17000,Illinois,2015,98.903,98.589,103.287,98.408,18
17000,Illinois,2016,99.498,98.196,101.386,100.219,17
17000,Illinois,2017,100.254,100.055,99.945,100.888,18
17000,Illinois,2018,100.416,101.542,99.171,100.56,15
17000,Illinois,2019,99.453,102.832,97.68,98.909,18
17000,Illinois,2020,100.315,101.312,97.642,101.418,18
17000,Illinois,2021,101.321,103.7,96.165,102.095,17
17000,Illinois,2022,101.205,102.744,94.087,103.022,17
17000,Illinois,2023,98.752,101.596,92.404,99.817,19
17000,Illinois,2024,99.958,103.832,93.944,100.156,19
18000,Indiana,2008,91.943,92.831,76.023,98.269,37
18000,Indiana,2009,92.555,94.694,75.195,98.318,34
18000,Indiana,2010,93.022,96.459,76.559,97.835,35
18000,Indiana,2011,92.38,96.44,76.829,95.652,40
18000,Indiana,2012,92.751,97.454,74.969,96.468,40
18000,Indiana,2013,92.881,97.183,75.785,96.741,38
18000,Indiana,2014,92.638,98.24,75.103,95.799,40
18000,Indiana,2015,91.415,97.62,73.773,94.003,41
18000,Indiana,2016,91.346,96.926,72.608,94.845,43
18000,Indiana,2017,90.875,95.883,72.819,94.012,42
18000,Indiana,2018,92.802,97.897,73.064,96.63,32
18000,Indiana,2019,92.829,96.577,71.873,98.316,35
18000,Indiana,2020,91.763,94.958,70.998,98.009,38
18000,Indiana,2021,92.579,95.694,71.364,98.303,32
18000,Indiana,2022,91.875,94.259,70.667,98.088,32
18000,Indiana,2023,92.097,95.572,71.332,97.682,33
18000,Indiana,2024,93.329,95.509,73.926,99.145,34
19000,Iowa,2008,87.351,86.823,66.588,96.453,49
19000,Iowa,2009,89.75,91.141,70.226,96.784,43
19000,Iowa,2010,91.139,95.373,70.041,96.306,43
19000,Iowa,2011,89.832,95.373,71.287,92.937,46
19000,Iowa,2012,90.793,96.327,71.077,94.542,45
19000,Iowa,2013,90.853,95.854,71.739,94.665,46
19000,Iowa,2014,90.97,96.853,72.076,94.32,46
19000,Iowa,2015,89.528,96.843,70.031,91.942,48
19000,Iowa,2016,89.439,95.838,70.951,92.216,48
19000,Iowa,2017,89.213,94.906,72.78,91.218,46
19000,Iowa,2018,91.797,95.8,71.328,96.212,39
19000,Iowa,2019,91.804,97.215,69.467,96.318,42
19000,Iowa,2020,90.61,95.518,67.151,96.235,44
19000,Iowa,2021,89.77,94.072,66.236,95.323,46
19000,Iowa,2022,88.351,93.307,67.107,91.974,47
19000,Iowa,2023,88.769,96.624,65.979,92.259,45
19000,Iowa,2024,87.762,93.73,65.322,92.927,49
20000,Kansas,2008,89.864,88.693,73.584,96.679,40
20000,Kansas,2009,91.846,93.669,74.661,96.944,36
20000,Kansas,2010,92.991,95.463,75.305,97.667,36
20000,Kansas,2011,92.772,95.817,77.671,96.244,37
20000,Kansas,2012,93.303,96.914,75.557,97.513,36
20000,Kansas,2013,92.606,96.248,74.998,96.517,41
20000,Kansas,2014,93.138,96.962,74.101,97.525,37
20000,Kansas,2015,92.814,97.364,75.063,95.946,37
20000,Kansas,2016,92.059,96.419,73.441,95.616,39
20000,Kansas,2017,91.555,95.819,73.166,94.796,40
20000,Kansas,2018,92.436,94.992,72.26,96.995,33
20000,Kansas,2019,92.734,97.13,71.86,96.981,36
20000,Kansas,2020,92.251,95.854,72.157,97.118,31
20000,Kansas,2021,91.27,93.802,69.77,96.601,40
20000,Kansas,2022,89.609,93.575,69.909,92.873,42
20000,Kansas,2023,89.908,96.486,68.586,93.001,41
20000,Kansas,2024,90.068,94.027,71.156,93.816,42
21000,Kentucky,2008,89.84,96.326,64.243,97.635,41
21000,Kentucky,2009,88.539,93.475,64.771,96.585,44
21000,Kentucky,2010,90.433,96.599,66.572,97.376,45
21000,Kentucky,2011,90.458,95.412,64.645,98.651,44
21000,Kentucky,2012,90.687,93.952,66.24,99.219,46
21000,Kentucky,2013,90.892,95.005,66.136,99.145,45
21000,Kentucky,2014,91.063,95.094,65.519,99.055,45
21000,Kentucky,2015,90.733,94.15,66.279,98.518,45
21000,Kentucky,2016,90.676,95.35,64.29,98.401,45
21000,Kentucky,2017,89.985,94.645,63.68,97.334,44
21000,Kentucky,2018,89.071,93.291,64.711,96.318,48
21000,Kentucky,2019,89.597,94.861,64.286,96.911,46
21000,Kentucky,2020,89.078,94.321,64.827,96.43,47
21000,Kentucky,2021,89.246,93.959,63.426,96.491,48
21000,Kentucky,2022,89.402,94.057,62.227,97.045,43
21000,Kentucky,2023,89.89,94.538,62.899,97.914,42
21000,Kentucky,2024,90.159,95.967,64.313,97.25,40
22000,Louisiana,2008,91.468,96.441,67.741,97.667,39
22000,Louisiana,2009,90.18,94.026,71.036,96.798,42
22000,Louisiana,2010,92.198,96.758,71.453,98.371,41
22000,Louisiana,2011,92.729,96.203,72.04,99.71,38
22000,Louisiana,2012,92.908,95.591,73.115,100.497,39
22000,Louisiana,2013,92.927,96.202,72.151,100.141,37
22000,Louisiana,2014,93.401,96.422,73.138,100.127,34
22000,Louisiana,2015,92.834,95.422,71.514,100.446,36
22000,Louisiana,2016,93.6,96.084,72.914,101.099,35
22000,Louisiana,2017,92.364,95.813,70.992,99.195,37
22000,Louisiana,2018,90.755,93.559,69.189,98.222,44
22000,Louisiana,2019,91.159,95.09,70.841,97.153,45
22000,Louisiana,2020,91.141,94.56,67.997,99.513,41
22000,Louisiana,2021,91.373,95.164,66.8,98.776,38
22000,Louisiana,2022,90.489,93.954,66.885,97.346,39
22000,Louisiana,2023,88.7,93.009,65.11,95.635,46
22000,Louisiana,2024,88.207,93.7,63.104,95.706,47
23000,Maine,2008,98.443,100.212,84.761,100.905,22
23000,Maine,2009,98.663,100.661,86.01,101.006,25
23000,Maine,2010,97.509,98.082,88.104,99.767,25
23000,Maine,2011,96.111,98.277,84.916,98.095,28
23000,Maine,2012,96.955,98.97,87.311,98.381,26
23000,Maine,2013,98.329,98.386,89.816,100.848,23
23000,Maine,2014,92.521,98.156,70.452,96.661,41
23000,Maine,2015,95.879,99.321,77.047,99.991,27
23000,Maine,2016,97.216,98.938,83.781,100.433,24
23000,Maine,2017,97.559,100.18,79.199,102.193,24
23000,Maine,2018,97.649,100.94,83.83,99.633,23
23000,Maine,2019,95.607,99.401,71.507,101.504,26
23000,Maine,2020,97.888,99.503,80.994,102.814,21
23000,Maine,2021,97.343,99.227,80.933,101.429,22
23000,Maine,2022,100.746,101.092,83.491,106.064,19
23000,Maine,2023,97.964,98.331,80.41,103.314,21
23000,Maine,2024,97.05,97.171,78.94,103.191,26
24000,Maryland,2008,108.81,104.777,132.407,104.04,6
24000,Maryland,2009,110.406,107.811,134.587,104.123,7
24000,Maryland,2010,108.418,104.027,133.425,103.876,6
24000,Maryland,2011,109.342,104.817,135.458,104.992,5
24000,Maryland,2012,107.418,103.616,133.632,102.704,7
24000,Maryland,2013,108.527,104.634,137.389,103.031,6
24000,Maryland,2014,107.879,102.746,136.301,103.67,6
24000,Maryland,2015,107.913,101.972,131.505,105.14,6
24000,Maryland,2016,107.222,102.398,128.755,103.859,8
24000,Maryland,2017,106.75,101.884,127.738,103.84,9
24000,Maryland,2018,106.311,102.428,128.333,102.775,8
24000,Maryland,2019,105.087,101.166,128.3,101.134,8
24000,Maryland,2020,106.396,102.426,128.12,102.368,8
24000,Maryland,2021,106.099,103.513,124.171,102.434,8
24000,Maryland,2022,104.89,102.876,122.983,101.103,11
24000,Maryland,2023,104.602,103.249,119.858,100.808,10
24000,Maryland,2024,104.959,102.524,121.079,101.596,8
25000,Massachusetts,2008,106.047,98.392,126.542,104.767,9
25000,Massachusetts,2009,105.455,97.747,130.261,103.273,9
25000,Massachusetts,2010,104.772,99.657,129.092,102.005,8
25000,Massachusetts,2011,104.747,101.385,128.622,100.903,8
25000,Massachusetts,2012,104.488,101.224,129.313,100.341,8
25000,Massachusetts,2013,103.298,100.805,129.121,98.755,9
25000,Massachusetts,2014,104.533,103.958,129.893,99.355,8
25000,Massachusetts,2015,105.086,102.157,130.005,101.021,8
25000,Massachusetts,2016,108.161,103.74,130.539,104.943,6
25000,Massachusetts,2017,107.406,103.829,130.6,103.285,6
25000,Massachusetts,2018,107.422,102.316,128.633,104.263,6
25000,Massachusetts,2019,107.151,103.58,130.075,102.894,7
25000,Massachusetts,2020,109.101,105.339,134.737,103.429,6
25000,Massachusetts,2021,106.698,105.633,129.006,100.852,7
25000,Massachusetts,2022,109.431,107.089,128.547,104.877,5
25000,Massachusetts,2023,107.675,100.042,130.144,105.02,7
25000,Massachusetts,2024,105.757,98.82,128.068,102.852,7
26000,Michigan,2008,95.855,95.328,87.756,99.296,27
26000,Michigan,2009,96.044,97.744,85.047,98.677,28
26000,Michigan,2010,96.187,98.211,86.793,97.814,27
26000,Michigan,2011,95.188,98.502,83.858,96.478,29
26000,Michigan,2012,94.979,98.198,83.248,96.45,30
26000,Michigan,2013,95.192,98.372,82.703,96.989,29
26000,Michigan,2014,95.473,98.564,83.341,97.448,27
26000,Michigan,2015,93.713,97.752,80.739,95.251,32
26000,Michigan,2016,93.637,97.712,82.391,94.577,33
26000,Michigan,2017,92.727,97.334,80.997,93.358,36
26000,Michigan,2018,94.518,98.463,80.701,96.249,28
26000,Michigan,2019,95.359,96.142,81.969,99.225,27
26000,Michigan,2020,94.431,95.943,80.667,98.127,28
26000,Michigan,2021,94.281,94.698,80.683,98.374,28
26000,Michigan,2022,93.589,93.265,80.836,97.932,29
26000,Michigan,2023,94.296,95.791,78.936,98.499,29
26000,Michigan,2024,96.217,95.993,82.332,100.933,28
27000,Minnesota,2008,96.793,96.222,97.61,97.684,26
27000,Minnesota,2009,98.701,99.738,95.862,99.845,24
27000,Minnesota,2010,97.587,98.147,92.954,99.537,24
27000,Minnesota,2011,97.237,99.171,92.597,98.243,25
27000,Minnesota,2012,97.385,99.567,94.808,97.395,25
27000,Minnesota,2013,97.458,98.471,94.854,98.257,26
27000,Minnesota,2014,98.307,100.985,93.047,98.919,21
27000,Minnesota,2015,97.678,100.125,97.248,96.97,24
27000,Minnesota,2016,97.192,98.404,95.285,97.364,25
27000,Minnesota,2017,96.739,100.046,95.364,95.565,27
27000,Minnesota,2018,99.599,100.958,95.446,100.173,19
27000,Minnesota,2019,98.759,100.469,97.472,98.433,21
27000,Minnesota,2020,97.766,99.172,90.648,99.551,22
27000,Minnesota,2021,98.396,100.247,93.08,99.218,20
27000,Minnesota,2022,97.457,99.872,97.295,96.438,22
27000,Minnesota,2023,98.302,102.06,90.657,98.91,20
27000,Minnesota,2024,98.621,100.519,91.281,100.213,22
28000,Mississippi,2008,88.077,96.017,59.336,96.576,47
28000,Mississippi,2009,85.639,92.946,58.12,94.658,51
28000,Mississippi,2010,88.305,96.568,59.997,96.632,51
28000,Mississippi,2011,88.892,95.381,60.395,98.475,50
28000,Mississippi,2012,88.571,93.408,59.842,99.185,51
28000,Mississippi,2013,88.902,94.648,59.591,99.389,51
28000,Mississippi,2014,88.96,94.155,59.13,99.557,51
28000,Mississippi,2015,88.264,93.449,58.588,98.754,50
28000,Mississippi,2016,88.489,94.386,59.115,98.426,50
28000,Mississippi,2017,87.737,93.817,59.06,96.698,50
28000,Mississippi,2018,86.157,93.095,56.68,95.689,51
28000,Mississippi,2019,86.527,94.907,55.388,96.163,51
28000,Mississippi,2020,85.583,94.641,55.312,95.194,51
28000,Mississippi,2021,86.222,94.228,56.145,94.692,51
28000,Mississippi,2022,87.336,94.176,56.789,97.097,50
28000,Mississippi,2023,86.792,94.443,54.923,97.669,51
28000,Mississippi,2024,86.953,96.219,56.456,96.09,50
29000,Missouri,2008,88.434,87.385,73.204,95.61,45
29000,Missouri,2009,90.487,91.534,72.374,96.909,41
29000,Missouri,2010,93.105,96.458,74.479,97.981,33
29000,Missouri,2011,92.499,95.279,74.602,97.086,39
29000,Missouri,2012,92.436,95.829,73.624,96.835,41
29000,Missouri,2013,92.807,96.793,75.047,96.626,40
29000,Missouri,2014,93.351,97.63,73.341,98.273,35
29000,Missouri,2015,92.262,97.376,73.226,95.748,39
29000,Missouri,2016,91.676,96.286,72.324,95.648,40
29000,Missouri,2017,91.735,96.021,70.61,96.305,39
29000,Missouri,2018,91.806,96.012,70.364,96.485,38
29000,Missouri,2019,92.52,98.152,70.921,96.468,38
29000,Missouri,2020,92.162,99.031,70.27,95.971,32
29000,Missouri,2021,92.012,98.469,70.065,95.272,34
29000,Missouri,2022,90.991,96.709,69.253,94.882,37
29000,Missouri,2023,91.104,97.3,70.491,94.402,37
29000,Missouri,2024,90.817,96.299,69.88,95.169,39
30000,Montana,2008,94.079,99.765,69.434,100.695,32
30000,Montana,2009,93.196,99.678,67.882,99.771,33
30000,Montana,2010,92.445,99.257,69.864,97.951,39
30000,Montana,2011,94.232,99.644,73.077,99.606,30
30000,Montana,2012,93.187,97.683,72.342,98.541,37
30000,Montana,2013,92.88,95.917,71.848,99.697,39
30000,Montana,2014,95.152,97.224,81.226,99.663,29
30000,Montana,2015,94.974,101.35,73.85,99.416,29
30000,Montana,2016,93.862,101.872,73.095,96.729,30
30000,Montana,2017,94.202,101.905,70.523,99.245,31
30000,Montana,2018,92.401,96.181,76.58,96.591,34
30000,Montana,2019,94.24,98.933,79.513,97.312,30
30000,Montana,2020,91.972,95.88,75.67,96.269,33
30000,Montana,2021,91.328,96.765,79.29,92.54,39
30000,Montana,2022,90.179,96.374,74.324,92.685,40
30000,Montana,2023,91.014,96.481,76.782,93.615,38
30000,Montana,2024,94.645,96.006,84.648,98.715,30
31000,Nebraska,2008,89.575,89.501,71.591,97.204,42
31000,Nebraska,2009,90.645,92.406,71.492,97.087,39
31000,Nebraska,2010,92.061,95.476,74.572,96.417,42
31000,Nebraska,2011,91.377,95.513,75.894,94.495,42
31000,Nebraska,2012,92.284,96.461,75.523,95.599,42
31000,Nebraska,2013,91.812,95.911,73.539,95.631,43
31000,Nebraska,2014,91.757,96.98,73.4,95.271,44
31000,Nebraska,2015,91.166,97.115,75.41,93.089,43
31000,Nebraska,2016,90.767,96.175,74.314,93.286,44
31000,Nebraska,2017,89.807,95.104,72.486,92.431,45
31000,Nebraska,2018,91.838,94.616,73.197,96.52,37
31000,Nebraska,2019,92.531,97.155,72.715,96.733,37
31000,Nebraska,2020,92.808,96.049,76.409,96.697,29
31000,Nebraska,2021,91.956,94.58,75.61,95.859,35
31000,Nebraska,2022,89.844,93.861,73.34,92.462,41
31000,Nebraska,2023,90.288,96.547,74.346,91.855,40
31000,Nebraska,2024,90.103,94.101,75.174,92.98,41
32000,Nevada,2008,101.23,96.146,119.284,99.36,17
32000,Nevada,2009,103.054,101.493,111.315,101.089,13
32000,Nevada,2010,100.78,98.105,108.019,99.66,16
32000,Nevada,2011,102.211,99.415,106.7,102.696,14
32000,Nevada,2012,101.586,99.615,104.1,102.109,14
32000,Nevada,2013,99.84,97.536,101.797,101.041,19
32000,Nevada,2014,99.184,96.409,97.81,101.479,19
32000,Nevada,2015,98.592,96.031,98.742,100.165,19
32000,Nevada,2016,97.191,95.204,97.795,98.651,26
32000,Nevada,2017,99.854,99.586,100.174,100.6,19
32000,Nevada,2018,96.226,95.695,102.569,95.427,25
32000,Nevada,2019,98.838,98.786,105.623,97.345,19
32000,Nevada,2020,97.191,96.387,105.89,95.408,24
32000,Nevada,2021,95.356,96.758,107.869,91.558,26
32000,Nevada,2022,96.339,97.089,111.728,91.977,24
32000,Nevada,2023,97.861,96.828,113.316,94.26,22
32000,Nevada,2024,99.979,96.271,114.135,98.744,18
33000,New Hampshire,2008,106.112,98.727,118.505,106.839,8
33000,New Hampshire,2009,105.15,98.277,122.726,103.832,10
33000,New Hampshire,2010,104.026,98.312,123.217,101.9,9
33000,New Hampshire,2011,103.462,99.747,119.454,100.743,9
33000,New Hampshire,2012,102.921,99.716,121.428,99.266,10
33000,New Hampshire,2013,102.79,99.348,123.591,98.954,11
33000,New Hampshire,2014,102.091,101.514,115.328,98.297,13
33000,New Hampshire,2015,103.98,101.145,119.65,100.794,10
33000,New Hampshire,2016,105.096,101.622,112.567,104.341,10
33000,New Hampshire,2017,105.78,101.773,119.647,103.462,10
33000,New Hampshire,2018,103.549,101.164,108.631,102.523,12
33000,New Hampshire,2019,104.001,100.672,110.728,103.133,9
33000,New Hampshire,2020,105.269,101.812,115.815,103.43,9
33000,New Hampshire,2021,102.568,102.117,107.016,100.646,13
33000,New Hampshire,2022,107.847,104.593,121.469,105.119,7
33000,New Hampshire,2023,105.393,100.042,114.516,105.06,8
33000,New Hampshire,2024,104.165,98.578,114.947,103.879,9
34000,New Jersey,2008,107.565,103.692,153.355,98.713,7
34000,New Jersey,2009,110.969,104.486,149.139,104.671,4
34000,New Jersey,2010,108.796,100.122,150.35,103.653,5
34000,New Jersey,2011,109.221,102.128,145.757,104.32,6
34000,New Jersey,2012,109.274,104.27,149.428,102.343,4
34000,New Jersey,2013,108.83,104.746,147.491,101.668,5
34000,New Jersey,2014,109.032,101.977,147.535,104.421,4
34000,New Jersey,2015,108.973,103.792,145.268,103.862,5
34000,New Jersey,2016,109.059,103.487,145.621,103.888,5
34000,New Jersey,2017,109.298,101.766,140.544,106.467,5
34000,New Jersey,2018,111.019,106.894,141.403,106.144,3
34000,New Jersey,2019,111.188,105.34,141.15,107.295,2
34000,New Jersey,2020,110.722,105.502,139.496,106.01,4
34000,New Jersey,2021,109.157,101.826,134.884,107.318,5
34000,New Jersey,2022,108.759,104.754,135.688,104.967,6
34000,New Jersey,2023,108.941,105.761,134.093,104.486,4
34000,New Jersey,2024,108.805,107.066,134.292,103.529,4
35000,New Mexico,2008,95.11,97.716,81.065,99.813,29
35000,New Mexico,2009,95.959,100.604,79.523,100.87,29
35000,New Mexico,2010,94.51,97.71,78.057,99.424,31
35000,New Mexico,2011,97.078,98.65,83.489,101.86,26
35000,New Mexico,2012,96.47,99.107,82.224,100.433,27
35000,New Mexico,2013,95.574,97.562,81.303,100.075,28
35000,New Mexico,2014,95.471,97.105,80.342,100.326,28
35000,New Mexico,2015,95.396,98.406,78.836,99.798,28
35000,New Mexico,2016,94.46,97.973,79.345,97.98,29
35000,New Mexico,2017,95.721,100.796,77.872,99.528,28
35000,New Mexico,2018,91.656,96.247,75.143,95.491,41
35000,New Mexico,2019,92.969,99.274,74.035,97.26,34
35000,New Mexico,2020,91.805,97.038,75.415,95.735,37
35000,New Mexico,2021,89.735,96.839,72.935,91.758,47
35000,New Mexico,2022,90.929,97.711,75.683,92.424,38
35000,New Mexico,2023,90.981,97.417,75.25,93.78,39
35000,New Mexico,2024,92.212,96.144,73.611,98.54,37
36000,New York,2008,111.358,112.058,130.887,104.923,2
36000,New York,2009,110.997,109.508,133.008,105.035,3
36000,New York,2010,109.744,108.215,135.213,103.407,2
36000,New York,2011,110.838,107.92,137.138,105.259,2
36000,New York,2012,109.623,108.582,136.225,103.308,3
36000,New York,2013,109.724,107.37,135.954,104.143,3
36000,New York,2014,108.853,107.739,135.794,102.705,5
36000,New York,2015,109.583,108.129,134.327,104.363,4
36000,New York,2016,110.086,107.952,133.736,105.415,2
36000,New York,2017,109.988,108.293,130.961,105.571,4
36000,New York,2018,109.507,106.808,129.993,105.548,5
36000,New York,2019,109.426,105.123,129.316,106.44,4
36000,New York,2020,110.13,105.699,132.33,105.872,5
36000,New York,2021,109.564,101.724,131.476,107.86,4
36000,New York,2022,107.557,104.391,124.713,104.322,8
36000,New York,2023,107.842,105.118,121.963,104.944,6
36000,New York,2024,107.921,107.254,122.168,104.067,5
37000,North Carolina,2008,92.449,96.613,74.276,97.737,35
37000,North Carolina,2009,91.262,94.282,75.265,96.55,37
37000,North Carolina,2010,92.899,96.915,75.389,98.121,37
37000,North Carolina,2011,93.572,96.359,76.346,99.517,34
37000,North Carolina,2012,93.509,95.556,75.771,99.868,32
37000,North Carolina,2013,93.732,96.004,75.954,100.023,32
37000,North Carolina,2014,93.826,95.71,76.334,100.165,31
37000,North Carolina,2015,93.588,94.962,75.763,100.302,33
37000,North Carolina,2016,93.801,95.864,74.661,100.702,32
37000,North Carolina,2017,93.025,95.682,75.488,98.842,34
37000,North Carolina,2018,92.894,95.705,75.286,98.289,31
37000,North Carolina,2019,91.866,95.665,75.422,95.792,40
37000,North Carolina,2020,91.345,95.404,74.982,95.531,39
37000,North Carolina,2021,93.734,96.231,75.977,99.619,29
37000,North Carolina,2022,94.013,95.56,78.77,99.698,28
37000,North Carolina,2023,94.399,96.793,80.848,98.651,28
37000,North Carolina,2024,94.326,96.621,81.364,98.186,31
38000,North Dakota,2008,85.891,84.975,63.159,96.304,50
38000,North Dakota,2009,87.852,90.035,64.358,96.074,46
38000,North Dakota,2010,89.083,94.872,61.863,95.386,47
38000,North Dakota,2011,89.549,94.861,69.121,93.684,47
38000,North Dakota,2012,91.997,95.65,76.781,95.477,43
38000,North Dakota,2013,92.225,95.604,80.067,94.658,42
38000,North Dakota,2014,92.45,97.361,78.426,94.651,42
38000,North Dakota,2015,91.063,97.317,78.073,92.072,44
38000,North Dakota,2016,91.588,96.031,86.058,91.46,41
38000,North Dakota,2017,88.664,94.65,71.547,91.134,48
38000,North Dakota,2018,91.168,94.036,72.08,95.81,43
38000,North Dakota,2019,93.191,96.573,76.983,96.511,33
38000,North Dakota,2020,91.816,96.4,72.102,96.321,36
38000,North Dakota,2021,90.962,94.199,70.781,95.065,42
38000,North Dakota,2022,88.703,94.057,65.75,92.541,46
38000,North Dakota,2023,88.174,96.996,69.255,89.628,48
38000,North Dakota,2024,88.959,95.701,71.421,91.158,44
39000,Ohio,2008,92.531,92.25,77.134,97.78,34
39000,Ohio,2009,93.493,93.962,76.126,99.1,32
39000,Ohio,2010,93.105,94.441,76.29,98.083,34
39000,Ohio,2011,92.191,94.721,75.589,96.082,41
39000,Ohio,2012,93.014,96.238,76.298,96.43,38
39000,Ohio,2013,93.26,96.956,77.571,95.958,35
39000,Ohio,2014,93.019,97.217,75.489,96.144,38
39000,Ohio,2015,92.218,96.66,75.578,94.766,40
39000,Ohio,2016,92.333,96.145,75.118,95.78,38
39000,Ohio,2017,91.931,95.314,74.957,95.421,38
39000,Ohio,2018,92.985,97.307,74.221,96.307,30
39000,Ohio,2019,93.289,95.844,73.452,98.489,32
39000,Ohio,2020,91.935,93.876,73.275,97.529,34
39000,Ohio,2021,92.223,94.46,72.768,97.547,33
39000,Ohio,2022,91.506,92.352,72.774,97.703,36
39000,Ohio,2023,91.903,94.152,72.098,97.519,35
39000,Ohio,2024,92.774,93.67,73.012,98.947,35
40000,Oklahoma,2008,89.536,96.747,61.91,97.35,43
40000,Oklahoma,2009,88.457,94.178,64.275,96.115,45
40000,Oklahoma,2010,90.562,96.998,65.682,97.726,44
40000,Oklahoma,2011,90.935,96.304,66.056,98.845,43
40000,Oklahoma,2012,91.232,95.243,66.014,99.93,44
40000,Oklahoma,2013,91.527,96.01,67.247,99.631,44
40000,Oklahoma,2014,91.825,95.981,67.83,99.713,43
40000,Oklahoma,2015,91.369,94.964,66.381,99.873,42
40000,Oklahoma,2016,91.514,95.757,66.082,100.108,42
40000,Oklahoma,2017,90.881,95.509,66.049,98.546,41
40000,Oklahoma,2018,89.646,93.403,65.926,97.713,46
40000,Oklahoma,2019,89.332,95.038,64.105,96.852,47
40000,Oklahoma,2020,89.63,94.515,63.495,99.467,46
40000,Oklahoma,2021,89.883,95.813,63.894,97.618,45
40000,Oklahoma,2022,88.807,93.62,63.165,96.359,45
40000,Oklahoma,2023,88.68,93.342,64.981,95.705,47
40000,Oklahoma,2024,87.843,93.778,62.763,95.458,48
41000,Oregon,2008,97.802,95.308,98.456,100.501,23
41000,Oregon,2009,100.273,101.604,101.48,99.756,21
41000,Oregon,2010,99.43,99.682,101.349,99.454,20
41000,Oregon,2011,99.789,99.789,100.38,100.034,20
41000,Oregon,2012,101.125,100.279,103.282,101.365,15
41000,Oregon,2013,100.175,98.463,101.673,101.649,18
41000,Oregon,2014,99.745,99.041,103.019,99.428,16
41000,Oregon,2015,101.119,99.119,105.383,101.235,16
41000,Oregon,2016,99.593,100.373,106.485,97.148,16
41000,Oregon,2017,101.474,100.226,110.214,99.988,14
41000,Oregon,2018,104.657,104.576,111.042,103.375,9
41000,Oregon,2019,103.811,104.457,110.213,101.781,11
41000,Oregon,2020,103.243,104.552,109.958,100.363,12
41000,Oregon,2021,103.15,106.468,109.244,99.087,10
41000,Oregon,2022,106.612,109.126,110.38,104.461,9
41000,Oregon,2023,104.812,104.778,109.162,104.177,9
41000,Oregon,2024,103.361,105.261,108.628,100.298,12
42000,Pennsylvania,2008,99.153,101.813,86.605,100.763,21
42000,Pennsylvania,2009,99.488,101.737,86.841,101.446,23
42000,Pennsylvania,2010,98.94,99.855,88.479,101.016,22
42000,Pennsylvania,2011,98.437,100.38,88.657,99.359,23
42000,Pennsylvania,2012,98.003,99.692,88.118,99.313,23
42000,Pennsylvania,2013,97.836,98.229,88.954,99.639,25
42000,Pennsylvania,2014,97.207,98.36,88.693,98.694,26
42000,Pennsylvania,2015,98.147,100.482,88.932,99.187,21
42000,Pennsylvania,2016,97.767,100.31,87.869,98.811,22
42000,Pennsylvania,2017,99.102,99.933,87.853,101.522,20
42000,Pennsylvania,2018,98.151,99.725,87.673,99.631,21
42000,Pennsylvania,2019,97.979,97.105,86.474,101.237,23
42000,Pennsylvania,2020,97.717,97.354,86.833,101.058,23
42000,Pennsylvania,2021,96.145,95.335,86.681,99.205,24
42000,Pennsylvania,2022,96.256,96.869,86.35,98.171,25
42000,Pennsylvania,2023,97.4,98.431,85.822,99.415,23
42000,Pennsylvania,2024,97.572,99.357,85.068,99.762,24
44000,Rhode Island,2008,103.603,100.294,117.576,100.632,12
44000,Rhode Island,2009,103.935,100.917,117.747,100.581,12
44000,Rhode Island,2010,101.802,97.622,115.844,99.328,13
44000,Rhode Island,2011,101.111,97.913,115.295,98.373,16
44000,Rhode Island,2012,99.842,97.546,107.864,98.257,19
44000,Rhode Island,2013,101.446,97.323,108.805,100.91,14
44000,Rhode Island,2014,100.26,97.201,113.808,97.544,15
44000,Rhode Island,2015,102.014,98.646,113.131,100.065,14
44000,Rhode Island,2016,101.59,98.393,108.077,100.698,14
44000,Rhode Island,2017,102.403,99.268,106.712,102.047,13
44000,Rhode Island,2018,102.033,100.77,110.156,99.417,13
44000,Rhode Island,2019,102.39,98.941,108.689,101.44,14
44000,Rhode Island,2020,101.771,98.016,102.878,102.013,14
44000,Rhode Island,2021,102.19,98.197,109.07,101.198,15
44000,Rhode Island,2022,104.453,101.033,104.191,105.469,12
44000,Rhode Island,2023,102.065,98.279,102.657,102.729,14
44000,Rhode Island,2024,102.28,97.165,105.62,102.84,15
45000,South Carolina,2008,91.953,96.678,72.511,97.58,36
45000,South Carolina,2009,90.998,94.138,74.611,96.392,38
45000,South Carolina,2010,92.664,96.708,74.63,98.205,38
45000,South Carolina,2011,93.183,96.054,75.272,99.496,35
45000,South Carolina,2012,93.392,95.273,75.702,99.94,35
45000,South Carolina,2013,93.299,95.97,74.309,99.876,34
45000,South Carolina,2014,93.231,96.143,73.41,99.748,36
45000,South Carolina,2015,93.32,95.117,74.555,100.155,34
45000,South Carolina,2016,93.636,95.903,73.918,100.682,34
45000,South Carolina,2017,92.84,95.608,74.01,98.974,35
45000,South Carolina,2018,92.244,95.334,73.924,97.869,36
45000,South Carolina,2019,91.49,95.656,74.444,95.671,43
45000,South Carolina,2020,90.873,95.404,74.557,95.008,43
45000,South Carolina,2021,93.61,96.078,76.098,99.857,30
45000,South Carolina,2022,93.342,94.47,78.691,99.415,30
45000,South Carolina,2023,93.477,95.948,80.499,97.933,30
45000,South Carolina,2024,93.749,96.339,80.49,98.284,33
46000,South Dakota,2008,85.018,84.318,59.177,96.133,51
46000,South Dakota,2009,86.061,89.52,56.525,96.097,50
46000,South Dakota,2010,88.807,94.614,62.155,95.926,49
46000,South Dakota,2011,87.272,94.655,59.125,93.639,51
46000,South Dakota,2012,90.336,95.966,68.014,95.464,48
46000,South Dakota,2013,90.181,95.8,68.292,95.074,49
46000,South Dakota,2014,89.357,97.203,62.65,94.916,50
46000,South Dakota,2015,87.799,96.979,62.178,91.949,51
46000,South Dakota,2016,87.282,95.813,62.101,91.57,51
46000,South Dakota,2017,87.223,94.622,64.719,90.94,51
46000,South Dakota,2018,91.206,95.784,66.911,96.795,42
46000,South Dakota,2019,91.818,97.786,66.283,97.243,41
46000,South Dakota,2020,91.32,96.637,63.643,98.239,40
46000,South Dakota,2021,90.105,93.799,64.882,96.006,44
46000,South Dakota,2022,87.851,93.965,65.057,91.616,49
46000,South Dakota,2023,88.149,97.4,64.807,90.992,49
46000,South Dakota,2024,88.586,95.473,67.642,91.899,46
47000,Tennessee,2008,91.697,96.484,72.531,97.357,38
47000,Tennessee,2009,90.495,94.01,73.215,96.305,40
47000,Tennessee,2010,92.356,96.759,73.386,98.282,40
47000,Tennessee,2011,92.89,96.119,73.225,99.735,36
47000,Tennessee,2012,93.405,95.296,74.657,100.686,34
47000,Tennessee,2013,92.994,96.071,73.461,99.871,36
47000,Tennessee,2014,92.785,96.091,71.926,99.801,39
47000,Tennessee,2015,92.812,95.058,72.763,100.107,38
47000,Tennessee,2016,93.81,95.944,74.561,100.787,31
47000,Tennessee,2017,93.04,95.595,75.14,98.909,33
47000,Tennessee,2018,89.649,92.306,73.758,94.486,45
47000,Tennessee,2019,91.262,94.512,76.012,95.928,44
47000,Tennessee,2020,90.502,94.272,75.786,95.054,45
47000,Tennessee,2021,90.58,93.882,76.262,94.536,43
47000,Tennessee,2022,91.8,94.477,76.767,96.563,34
47000,Tennessee,2023,92.094,94.29,77.92,97.083,34
47000,Tennessee,2024,91.87,96.247,79.07,95.142,38
48000,Texas,2008,97.068,97.135,87.983,99.964,24
48000,Texas,2009,96.717,96.069,88.199,100.351,26
48000,Texas,2010,97.665,98.107,89.262,100.344,23
48000,Texas,2011,96.986,96.528,89.676,100.121,27
48000,Texas,2012,97.714,97.599,91.094,100.353,24
48000,Texas,2013,98.134,97.571,91.435,101.03,24
48000,Texas,2014,98.437,97.36,93.567,101.137,20
48000,Texas,2015,98.291,97.124,93.957,101.073,20
48000,Texas,2016,98.078,98.439,95.552,98.992,21
48000,Texas,2017,97.435,97.129,95.243,98.907,25
48000,Texas,2018,97.805,97.05,95.248,99.823,22
48000,Texas,2019,98.507,97.868,95.836,100.497,22
48000,Texas,2020,98.759,98.161,95.775,101.256,20
48000,Texas,2021,98.402,98.495,95.582,100.035,19
48000,Texas,2022,97.411,97.218,96.999,98.245,23
48000,Texas,2023,97.14,98.137,97.454,96.558,25
48000,Texas,2024,97.057,98.083,96.503,97.081,25
49000,Utah,2008,96.978,96.857,97.173,99.41,25
49000,Utah,2009,100.037,101.029,100.982,100.96,22
49000,Utah,2010,97.291,98.753,92.604,99.269,26
49000,Utah,2011,99.813,99.967,97.052,101.975,19
49000,Utah,2012,99.412,99.553,96.811,100.965,21
49000,Utah,2013,98.587,97.675,98.038,100.321,21
49000,Utah,2014,97.937,96.747,94.981,100.51,23
49000,Utah,2015,97.636,97.206,93.617,99.736,25
49000,Utah,2016,97.091,95.478,98.99,98.139,27
49000,Utah,2017,98.721,99.187,95.621,100.25,21
49000,Utah,2018,96.018,97.137,96.829,95.941,26
49000,Utah,2019,97.246,99.034,97.326,96.877,25
49000,Utah,2020,95.259,94.829,97.258,95.991,26
49000,Utah,2021,94.481,96.425,99.172,92.453,27
49000,Utah,2022,94.59,94.975,105.305,92.268,27
49000,Utah,2023,95.716,94.719,106.165,94.494,27
49000,Utah,2024,98.864,96.446,107.814,98.959,21
50000,Vermont,2008,100.686,100.666,98.834,100.292,19
50000,Vermont,2009,101.415,101.224,101.79,100.277,19
50000,Vermont,2010,99.379,98.382,98.387,99.338,21
50000,Vermont,2011,99.109,98.433,101.353,97.759,21
50000,Vermont,2012,99.981,99.047,105.469,97.843,18
50000,Vermont,2013,100.424,98.244,98.652,101.359,16
50000,Vermont,2014,97.937,98.011,96.902,97.21,24
50000,Vermont,2015,100.029,98.977,98.901,100.214,17
50000,Vermont,2016,98.224,98.68,87.117,100.732,20
50000,Vermont,2017,100.337,99.515,93.296,102.197,17
50000,Vermont,2018,100.204,100.702,97.844,99.776,18
50000,Vermont,2019,99.604,98.777,94.259,101.055,17
50000,Vermont,2020,102.132,98.669,105.255,102.238,13
50000,Vermont,2021,98.694,98.349,92.91,99.917,18
50000,Vermont,2022,101.033,100.459,88.925,105.079,18
50000,Vermont,2023,97.142,97.866,82.256,101.657,24
50000,Vermont,2024,97.958,97.274,86.502,101.586,23
51000,Virginia,2008,103.204,102.705,112.942,101.185,14
51000,Virginia,2009,102.426,101.773,114.183,99.609,15
51000,Virginia,2010,103.724,101.665,114.416,102.403,10
51000,Virginia,2011,103.425,100.589,114.511,102.616,10
51000,Virginia,2012,102.494,99.322,113.385,101.776,13
51000,Virginia,2013,103.523,101.285,115.836,101.848,8
51000,Virginia,2014,103.454,98.971,115.23,103.591,10
51000,Virginia,2015,103.57,98.594,114.868,104.095,11
51000,Virginia,2016,102.777,99.194,111.762,102.895,12
51000,Virginia,2017,101.222,98.619,110.862,100.563,15
51000,Virginia,2018,101.957,99.718,112.595,100.783,14
51000,Virginia,2019,100.053,99.06,107.425,98.711,15
51000,Virginia,2020,101.003,99.368,111.377,99.131,16
51000,Virginia,2021,102.3,101.422,110.147,100.97,14
51000,Virginia,2022,102.026,100.492,107.738,101.868,16
51000,Virginia,2023,101.331,101.101,105.569,100.572,16
51000,Virginia,2024,101.104,100.368,106.799,100.233,16
53000,Washington,2008,104.488,104.427,117.385,102.433,10
53000,Washington,2009,104.631,104.767,116.78,102.42,11
53000,Washington,2010,102.741,103.083,114.326,100.241,12
53000,Washington,2011,103.244,103.698,116.285,100.17,13
53000,Washington,2012,102.541,100.345,113.9,101.382,12
53000,Washington,2013,102.482,100.95,115.006,100.482,12
53000,Washington,2014,103.92,102.235,117.885,101.84,9
53000,Washington,2015,104.4,103.556,119.584,101.25,9
53000,Washington,2016,105.56,102.713,123.093,103.069,9
53000,Washington,2017,107.035,105.885,125.5,103.495,8
53000,Washington,2018,107.124,105.033,128.144,103.375,7
53000,Washington,2019,107.971,106.385,129.503,103.628,6
53000,Washington,2020,107.859,108.915,126.117,102.133,7
53000,Washington,2021,108.804,111.956,125.629,103.002,6
53000,Washington,2022,110.035,113.544,127.615,104.457,4
53000,Washington,2023,108.37,106.853,125.542,105.635,5
53000,Washington,2024,107.013,104.359,125.979,103.873,6
54000,West Virginia,2008,87.636,96.907,56.475,97.552,48
54000,West Virginia,2009,86.654,94.436,56.879,96.129,48
54000,West Virginia,2010,88.909,97.359,58.806,97.652,48
54000,West Virginia,2011,89.295,96.096,58.908,98.885,49
54000,West Virginia,2012,89.312,94.224,58.674,99.684,50
54000,West Virginia,2013,90.246,95.511,60.47,100.129,48
54000,West Virginia,2014,89.864,95.089,59.326,100.413,48
54000,West Virginia,2015,90.557,94.391,61.693,100.22,46
54000,West Virginia,2016,89.805,95.363,59.156,99.449,47
54000,West Virginia,2017,88.966,94.443,58.609,97.566,47
54000,West Virginia,2018,89.411,95.35,58.376,98.455,47
54000,West Virginia,2019,88.518,95.725,58.662,95.752,48
54000,West Virginia,2020,87.334,95.256,56.486,95.921,50
54000,West Virginia,2021,90.981,96.619,59.144,100.266,41
54000,West Virginia,2022,89.157,94.517,53.827,101.02,44
54000,West Virginia,2023,89.633,95.658,56.2,99.856,43
54000,West Virginia,2024,89.497,96.539,54.241,99.94,43
55000,Wisconsin,2008,93.159,91.232,84.582,97.22,33
55000,Wisconsin,2009,94.116,94.873,83.684,97.044,31
55000,Wisconsin,2010,94.723,95.571,85.796,96.95,29
55000,Wisconsin,2011,93.742,95.363,86.29,94.935,32
55000,Wisconsin,2012,94.312,96.759,84.591,95.863,31
55000,Wisconsin,2013,93.89,96.073,82.525,96.063,31
55000,Wisconsin,2014,93.799,96.838,80.63,96.146,32
55000,Wisconsin,2015,93.287,98.396,81.187,93.85,35
55000,Wisconsin,2016,93.173,97.334,79.261,95.058,36
55000,Wisconsin,2017,93.531,97.379,81.943,94.745,32
55000,Wisconsin,2018,94.028,98.06,80.023,95.913,29
55000,Wisconsin,2019,94.476,96.694,79.352,98.343,28
55000,Wisconsin,2020,92.666,94.5,75.282,97.962,30
55000,Wisconsin,2021,93.309,95.139,76.128,98.112,31
55000,Wisconsin,2022,92.401,92.525,77.516,97.817,31
55000,Wisconsin,2023,93.22,94.305,78.321,97.957,31
55000,Wisconsin,2024,94.095,94.31,79.312,99.501,32
56000,Wyoming,2008,95.291,99.314,77.455,100.705,28
56000,Wyoming,2009,96.618,98.977,88.371,99.824,27
56000,Wyoming,2010,95.473,98.582,85.011,98.161,28
56000,Wyoming,2011,97.618,98.817,91.791,99.724,24
56000,Wyoming,2012,96.265,98.739,85.18,99.239,28
56000,Wyoming,2013,97.347,97.752,89.988,100.437,27
56000,Wyoming,2014,97.404,97.779,91.417,99.94,25
56000,Wyoming,2015,96.941,100.982,83.272,99.646,26
56000,Wyoming,2016,97.747,101.786,90.64,98.159,23
56000,Wyoming,2017,97.146,102.111,82.623,99.877,26
56000,Wyoming,2018,92.372,96.128,75.078,97.401,35
56000,Wyoming,2019,94.107,98.634,79.122,97.388,31
56000,Wyoming,2020,91.836,97.237,73.478,96.396,35
56000,Wyoming,2021,91.44,96.387,77.985,93.416,37
56000,Wyoming,2022,91.767,96.81,78.945,93.766,35
56000,Wyoming,2023,91.551,97.108,75.742,94.784,36
56000,Wyoming,2024,92.691,95.368,71.127,100.428,36
