GeoFIPS,GeoName,Region,TableName,LineCode,IndustryClassification,Description,Unit,2008,2009,2010,2011,2012,2013,2014,2015,2016,2017,2018,2019,2020,2021,2022,2023,2024
 "00000","United States", ,SARPP,1,"...","RPPs: All items ","Index",100.000,100.000,100.000,100.000,100.000,100.000,100.000,100.000,100.000,100.000,100.000,100.000,100.000,100.000,100.000,100.000,100.000
 "01000","Alabama",5,SARPP,1,"...","RPPs: All items ","Index",88.901,87.786,89.783,90.011,90.559,90.324,90.175,89.741,90.609,90.065,87.378,88.303,87.569,88.062,88.021,89.097,88.823
 "02000","Alaska",8,SARPP,1,"...","RPPs: All items ","Index",103.878,106.147,103.099,103.274,102.548,102.052,102.386,103.287,104.073,104.833,104.565,103.041,101.339,104.907,102.101,103.297,102.359
 "04000","Arizona",6,SARPP,1,"...","RPPs: All items ","Index",102.504,102.865,100.558,99.083,98.050,98.441,97.944,97.865,98.622,97.915,97.381,97.779,99.203,96.600,99.992,100.742,100.677
 "05000","Arkansas",5,SARPP,1,"...","RPPs: All items ","Index",88.096,86.364,88.561,89.383,89.394,89.493,89.395,89.013,89.298,88.561,87.144,87.744,88.165,88.902,86.913,86.810,86.937
 "06000","California",8,SARPP,1,"...","RPPs: All items ","Index",111.220,110.696,109.703,109.503,109.666,109.667,109.926,110.685,109.956,110.998,111.882,111.134,111.944,111.918,112.591,112.195,110.720
 "08000","Colorado",7,SARPP,1,"...","RPPs: All items ","Index",103.315,102.378,100.590,103.384,103.138,103.099,103.068,103.048,102.716,102.946,100.290,102.491,103.774,102.765,102.260,101.856,103.052
 "09000","Connecticut",1,SARPP,1,"...","RPPs: All items ","Index",110.451,110.720,106.999,107.834,107.595,107.731,107.015,107.536,107.477,107.228,104.015,103.915,105.119,102.886,106.362,104.201,103.610
 "10000","Delaware",2,SARPP,1,"...","RPPs: All items ","Index",100.753,102.077,101.545,100.441,99.566,98.624,99.708,97.913,98.478,98.499,99.252,98.824,96.791,97.425,98.007,98.759,99.808
 "11000","District of Columbia",2,SARPP,1,"...","RPPs: All items ","Index",112.368,113.017,114.226,114.058,111.644,113.521,114.242,113.321,112.415,110.146,111.317,109.228,110.881,111.572,112.594,110.713,109.901
 "12000","Florida",5,SARPP,1,"...","RPPs: All items ","Index",101.668,100.491,100.392,100.846,101.072,100.742,100.894,101.290,101.087,100.871,100.318,99.645,100.604,101.389,102.284,103.636,103.414
 "13000","Georgia",5,SARPP,1,"...","RPPs: All items ","Index",94.254,91.854,94.574,93.666,95.298,94.868,94.962,94.717,94.991,95.275,94.832,94.392,94.478,95.713,95.678,96.494,96.293
 "15000","Hawaii",8,SARPP,1,"...","RPPs: All items ","Index",109.773,112.715,109.560,109.940,108.393,112.319,110.596,111.504,109.901,110.466,110.929,111.767,113.279,112.564,111.148,109.703,109.951
 "16000","Idaho",7,SARPP,1,"...","RPPs: All items ","Index",94.953,94.843,93.200,94.115,93.477,93.681,93.691,94.281,92.998,94.518,91.736,92.437,91.023,91.563,91.802,92.236,95.494
 "17000","Illinois",3,SARPP,1,"...","RPPs: All items ","Index",100.316,101.607,101.778,101.971,100.947,100.175,99.697,98.903,99.498,100.254,100.416,99.453,100.315,101.321,101.205,98.752,99.958
 "18000","Indiana",3,SARPP,1,"...","RPPs: All items ","Index",91.943,92.555,93.022,92.380,92.751,92.881,92.638,91.415,91.346,90.875,92.802,92.829,91.763,92.579,91.875,92.097,93.329
 "19000","Iowa",4,SARPP,1,"...","RPPs: All items ","Index",87.351,89.750,91.139,89.832,90.793,90.853,90.970,89.528,89.439,89.213,91.797,91.804,90.610,89.770,88.351,88.769,87.762
 "20000","Kansas",4,SARPP,1,"...","RPPs: All items ","Index",89.864,91.846,92.991,92.772,93.303,92.606,93.138,92.814,92.059,91.555,92.436,92.734,92.251,91.270,89.609,89.908,90.068
 "21000","Kentucky",5,SARPP,1,"...","RPPs: All items ","Index",89.840,88.539,90.433,90.458,90.687,90.892,91.063,90.733,90.676,89.985,89.071,89.597,89.078,89.246,89.402,89.890,90.159
 "22000","Louisiana",5,SARPP,1,"...","RPPs: All items ","Index",91.468,90.180,92.198,92.729,92.908,92.927,93.401,92.834,93.600,92.364,90.755,91.159,91.141,91.373,90.489,88.700,88.207
 "23000","Maine",1,SARPP,1,"...","RPPs: All items ","Index",98.443,98.663,97.509,96.111,96.955,98.329,92.521,95.879,97.216,97.559,97.649,95.607,97.888,97.343,100.746,97.964,97.050
 "24000","Maryland",2,SARPP,1,"...","RPPs: All items ","Index",108.810,110.406,108.418,109.342,107.418,108.527,107.879,107.913,107.222,106.750,106.311,105.087,106.396,106.099,104.890,104.602,104.959
 "25000","Massachusetts",1,SARPP,1,"...","RPPs: All items ","Index",106.047,105.455,104.772,104.747,104.488,103.298,104.533,105.086,108.161,107.406,107.422,107.151,109.101,106.698,109.431,107.675,105.757
 "26000","Michigan",3,SARPP,1,"...","RPPs: All items ","Index",95.855,96.044,96.187,95.188,94.979,95.192,95.473,93.713,93.637,92.727,94.518,95.359,94.431,94.281,93.589,94.296,96.217
 "27000","Minnesota",4,SARPP,1,"...","RPPs: All items ","Index",96.793,98.701,97.587,97.237,97.385,97.458,98.307,97.678,97.192,96.739,99.599,98.759,97.766,98.396,97.457,98.302,98.621
 "28000","Mississippi",5,SARPP,1,"...","RPPs: All items ","Index",88.077,85.639,88.305,88.892,88.571,88.902,88.960,88.264,88.489,87.737,86.157,86.527,85.583,86.222,87.336,86.792,86.953
 "29000","Missouri",4,SARPP,1,"...","RPPs: All items ","Index",88.434,90.487,93.105,92.499,92.436,92.807,93.351,92.262,91.676,91.735,91.806,92.520,92.162,92.012,90.991,91.104,90.817
 "30000","Montana",7,SARPP,1,"...","RPPs: All items ","Index",94.079,93.196,92.445,94.232,93.187,92.880,95.152,94.974,93.862,94.202,92.401,94.240,91.972,91.328,90.179,91.014,94.645
 "31000","Nebraska",4,SARPP,1,"...","RPPs: All items ","Index",89.575,90.645,92.061,91.377,92.284,91.812,91.757,91.166,90.767,89.807,91.838,92.531,92.808,91.956,89.844,90.288,90.103
 "32000","Nevada",8,SARPP,1,"...","RPPs: All items ","Index",101.230,103.054,100.780,102.211,101.586,99.840,99.184,98.592,97.191,99.854,96.226,98.838,97.191,95.356,96.339,97.861,99.979
 "33000","New Hampshire",1,SARPP,1,"...","RPPs: All items ","Index",106.112,105.150,104.026,103.462,102.921,102.790,102.091,103.980,105.096,105.780,103.549,104.001,105.269,102.568,107.847,105.393,104.165
 "34000","New Jersey",2,SARPP,1,"...","RPPs: All items ","Index",107.565,110.969,108.796,109.221,109.274,108.830,109.032,108.973,109.059,109.298,111.019,111.188,110.722,109.157,108.759,108.941,108.805
 "35000","New Mexico",6,SARPP,1,"...","RPPs: All items ","Index",95.110,95.959,94.510,97.078,96.470,95.574,95.471,95.396,94.460,95.721,91.656,92.969,91.805,89.735,90.929,90.981,92.212
 "36000","New York",2,SARPP,1,"...","RPPs: All items ","Index",111.358,110.997,109.744,110.838,109.623,109.724,108.853,109.583,110.086,109.988,109.507,109.426,110.130,109.564,107.557,107.842,107.921
 "37000","North Carolina",5,SARPP,1,"...","RPPs: All items ","Index",92.449,91.262,92.899,93.572,93.509,93.732,93.826,93.588,93.801,93.025,92.894,91.866,91.345,93.734,94.013,94.399,94.326
 "38000","North Dakota",4,SARPP,1,"...","RPPs: All items ","Index",85.891,87.852,89.083,89.549,91.997,92.225,92.450,91.063,91.588,88.664,91.168,93.191,91.816,90.962,88.703,88.174,88.959
 "39000","Ohio",3,SARPP,1,"...","RPPs: All items ","Index",92.531,93.493,93.105,92.191,93.014,93.260,93.019,92.218,92.333,91.931,92.985,93.289,91.935,92.223,91.506,91.903,92.774
 "40000","Oklahoma",6,SARPP,1,"...","RPPs: All items ","Index",89.536,88.457,90.562,90.935,91.232,91.527,91.825,91.369,91.514,90.881,89.646,89.332,89.630,89.883,88.807,88.680,87.843
 "41000","Oregon",8,SARPP,1,"...","RPPs: All items ","Index",97.802,100.273,99.430,99.789,101.125,100.175,99.745,101.119,99.593,101.474,104.657,103.811,103.243,103.150,106.612,104.812,103.361
 "42000","Pennsylvania",2,SARPP,1,"...","RPPs: All items ","Index",99.153,99.488,98.940,98.437,98.003,97.836,97.207,98.147,97.767,99.102,98.151,97.979,97.717,96.145,96.256,97.400,97.572
 "44000","Rhode Island",1,SARPP,1,"...","RPPs: All items ","Index",103.603,103.935,101.802,101.111,99.842,101.446,100.260,102.014,101.590,102.403,102.033,102.390,101.771,102.190,104.453,102.065,102.280
 "45000","South Carolina",5,SARPP,1,"...","RPPs: All items ","Index",91.953,90.998,92.664,93.183,93.392,93.299,93.231,93.320,93.636,92.840,92.244,91.490,90.873,93.610,93.342,93.477,93.749
 "46000","South Dakota",4,SARPP,1,"...","RPPs: All items ","Index",85.018,86.061,88.807,87.272,90.336,90.181,89.357,87.799,87.282,87.223,91.206,91.818,91.320,90.105,87.851,88.149,88.586
 "47000","Tennessee",5,SARPP,1,"...","RPPs: All items ","Index",91.697,90.495,92.356,92.890,93.405,92.994,92.785,92.812,93.810,93.040,89.649,91.262,90.502,90.580,91.800,92.094,91.870
 "48000","Texas",6,SARPP,1,"...","RPPs: All items ","Index",97.068,96.717,97.665,96.986,97.714,98.134,98.437,98.291,98.078,97.435,97.805,98.507,98.759,98.402,97.411,97.140,97.057
 "49000","Utah",7,SARPP,1,"...","RPPs: All items ","Index",96.978,100.037,97.291,99.813,99.412,98.587,97.937,97.636,97.091,98.721,96.018,97.246,95.259,94.481,94.590,95.716,98.864
 "50000","Vermont",1,SARPP,1,"...","RPPs: All items ","Index",100.686,101.415,99.379,99.109,99.981,100.424,97.937,100.029,98.224,100.337,100.204,99.604,102.132,98.694,101.033,97.142,97.958
 "51000","Virginia",5,SARPP,1,"...","RPPs: All items ","Index",103.204,102.426,103.724,103.425,102.494,103.523,103.454,103.570,102.777,101.222,101.957,100.053,101.003,102.300,102.026,101.331,101.104
 "53000","Washington",8,SARPP,1,"...","RPPs: All items ","Index",104.488,104.631,102.741,103.244,102.541,102.482,103.920,104.400,105.560,107.035,107.124,107.971,107.859,108.804,110.035,108.370,107.013
 "54000","West Virginia",5,SARPP,1,"...","RPPs: All items ","Index",87.636,86.654,88.909,89.295,89.312,90.246,89.864,90.557,89.805,88.966,89.411,88.518,87.334,90.981,89.157,89.633,89.497
 "55000","Wisconsin",3,SARPP,1,"...","RPPs: All items ","Index",93.159,94.116,94.723,93.742,94.312,93.890,93.799,93.287,93.173,93.531,94.028,94.476,92.666,93.309,92.401,93.220,94.095
 "56000","Wyoming",7,SARPP,1,"...","RPPs: All items ","Index",95.291,96.618,95.473,97.618,96.265,97.347,97.404,96.941,97.747,97.146,92.372,94.107,91.836,91.440,91.767,91.551,92.691
 "00000","United States", ,SARPP,2,"..."," RPPs: Goods ","Index",99.500,99.453,99.542,99.535,99.566,99.573,99.586,99.583,99.583,99.563,99.542,99.573,99.541,99.568,99.542,99.542,99.567
 "01000","Alabama",5,SARPP,2,"..."," RPPs: Goods ","Index",95.966,93.986,96.407,95.951,95.208,96.222,96.253,95.222,96.055,95.483,92.476,94.601,94.353,93.928,94.668,94.606,96.399
 "02000","Alaska",8,SARPP,2,"..."," RPPs: Goods ","Index",105.924,105.722,104.009,103.451,101.501,100.142,99.883,104.376,107.412,107.706,103.212,100.529,101.531,109.142,105.589,103.697,106.319
 "04000","Arizona",6,SARPP,2,"..."," RPPs: Goods ","Index",102.954,106.401,100.075,98.959,98.261,97.602,97.741,98.517,97.834,97.225,95.865,96.004,100.076,95.069,98.094,97.941,95.361
 "05000","Arkansas",5,SARPP,2,"..."," RPPs: Goods ","Index",95.942,93.774,96.639,96.001,94.457,95.382,94.764,93.983,94.932,94.536,93.073,94.774,94.340,95.623,93.127,93.103,93.597
 "06000","California",8,SARPP,2,"..."," RPPs: Goods ","Index",107.413,104.687,103.023,103.597,104.095,104.288,104.339,105.536,104.385,104.466,105.508,106.179,106.661,108.144,108.415,106.766,106.098
 "08000","Colorado",7,SARPP,2,"..."," RPPs: Goods ","Index",104.436,102.119,101.267,101.609,101.351,101.018,100.171,99.748,99.775,99.531,97.572,101.582,101.994,101.776,101.153,99.179,98.727
 "09000","Connecticut",1,SARPP,2,"..."," RPPs: Goods ","Index",109.579,108.665,103.600,103.812,104.592,104.271,103.392,103.167,103.557,104.422,101.432,98.730,99.011,96.989,101.095,98.600,97.330
 "10000","Delaware",2,SARPP,2,"..."," RPPs: Goods ","Index",103.510,101.939,101.520,102.507,99.436,97.113,95.653,97.123,98.600,96.472,96.806,95.719,94.497,94.526,94.641,97.295,96.155
 "11000","District of Columbia",2,SARPP,2,"..."," RPPs: Goods ","Index",112.190,112.779,109.393,107.775,105.744,110.758,105.512,105.684,106.386,104.525,107.024,104.732,105.522,107.837,107.313,106.547,106.502
 "12000","Florida",5,SARPP,2,"..."," RPPs: Goods ","Index",98.894,96.986,97.282,97.353,98.016,98.609,98.324,97.424,97.541,98.383,97.690,96.112,97.414,98.358,98.019,98.195,98.059
 "13000","Georgia",5,SARPP,2,"..."," RPPs: Goods ","Index",94.441,95.885,96.557,96.813,97.228,97.869,97.245,97.006,97.199,97.164,97.762,96.447,96.381,96.622,97.631,97.697,98.929
 "15000","Hawaii",8,SARPP,2,"..."," RPPs: Goods ","Index",106.754,108.869,108.553,108.460,106.221,108.988,109.052,110.683,112.285,112.606,116.577,115.259,112.445,110.146,111.959,110.346,111.562
 "16000","Idaho",7,SARPP,2,"..."," RPPs: Goods ","Index",99.217,100.583,99.041,99.599,98.114,96.344,97.152,100.282,99.595,101.143,96.192,98.902,95.436,96.616,96.062,95.901,96.311
 "17000","Illinois",3,SARPP,2,"..."," RPPs: Goods ","Index",99.378,101.676,102.152,102.627,101.083,99.895,100.479,98.589,98.196,100.055,101.542,102.832,101.312,103.700,102.744,101.596,103.832
 "18000","Indiana",3,SARPP,2,"..."," RPPs: Goods ","Index",92.831,94.694,96.459,96.440,97.454,97.183,98.240,97.620,96.926,95.883,97.897,96.577,94.958,95.694,94.259,95.572,95.509
 "19000","Iowa",4,SARPP,2,"..."," RPPs: Goods ","Index",86.823,91.141,95.373,95.373,96.327,95.854,96.853,96.843,95.838,94.906,95.800,97.215,95.518,94.072,93.307,96.624,93.730
 "20000","Kansas",4,SARPP,2,"..."," RPPs: Goods ","Index",88.693,93.669,95.463,95.817,96.914,96.248,96.962,97.364,96.419,95.819,94.992,97.130,95.854,93.802,93.575,96.486,94.027
 "21000","Kentucky",5,SARPP,2,"..."," RPPs: Goods ","Index",96.326,93.475,96.599,95.412,93.952,95.005,95.094,94.150,95.350,94.645,93.291,94.861,94.321,93.959,94.057,94.538,95.967
 "22000","Louisiana",5,SARPP,2,"..."," RPPs: Goods ","Index",96.441,94.026,96.758,96.203,95.591,96.202,96.422,95.422,96.084,95.813,93.559,95.090,94.560,95.164,93.954,93.009,93.700
 "23000","Maine",1,SARPP,2,"..."," RPPs: Goods ","Index",100.212,100.661,98.082,98.277,98.970,98.386,98.156,99.321,98.938,100.180,100.940,99.401,99.503,99.227,101.092,98.331,97.171
 "24000","Maryland",2,SARPP,2,"..."," RPPs: Goods ","Index",104.777,107.811,104.027,104.817,103.616,104.634,102.746,101.972,102.398,101.884,102.428,101.166,102.426,103.513,102.876,103.249,102.524
 "25000","Massachusetts",1,SARPP,2,"..."," RPPs: Goods ","Index",98.392,97.747,99.657,101.385,101.224,100.805,103.958,102.157,103.740,103.829,102.316,103.580,105.339,105.633,107.089,100.042,98.820
 "26000","Michigan",3,SARPP,2,"..."," RPPs: Goods ","Index",95.328,97.744,98.211,98.502,98.198,98.372,98.564,97.752,97.712,97.334,98.463,96.142,95.943,94.698,93.265,95.791,95.993
 "27000","Minnesota",4,SARPP,2,"..."," RPPs: Goods ","Index",96.222,99.738,98.147,99.171,99.567,98.471,100.985,100.125,98.404,100.046,100.958,100.469,99.172,100.247,99.872,102.060,100.519
 "28000","Mississippi",5,SARPP,2,"..."," RPPs: Goods ","Index",96.017,92.946,96.568,95.381,93.408,94.648,94.155,93.449,94.386,93.817,93.095,94.907,94.641,94.228,94.176,94.443,96.219
 "29000","Missouri",4,SARPP,2,"..."," RPPs: Goods ","Index",87.385,91.534,96.458,95.279,95.829,96.793,97.630,97.376,96.286,96.021,96.012,98.152,99.031,98.469,96.709,97.300,96.299
 "30000","Montana",7,SARPP,2,"..."," RPPs: Goods ","Index",99.765,99.678,99.257,99.644,97.683,95.917,97.224,101.350,101.872,101.905,96.181,98.933,95.880,96.765,96.374,96.481,96.006
 "31000","Nebraska",4,SARPP,2,"..."," RPPs: Goods ","Index",89.501,92.406,95.476,95.513,96.461,95.911,96.980,97.115,96.175,95.104,94.616,97.155,96.049,94.580,93.861,96.547,94.101
 "32000","Nevada",8,SARPP,2,"..."," RPPs: Goods ","Index",96.146,101.493,98.105,99.415,99.615,97.536,96.409,96.031,95.204,99.586,95.695,98.786,96.387,96.758,97.089,96.828,96.271
 "33000","New Hampshire",1,SARPP,2,"..."," RPPs: Goods ","Index",98.727,98.277,98.312,99.747,99.716,99.348,101.514,101.145,101.622,101.773,101.164,100.672,101.812,102.117,104.593,100.042,98.578
 "34000","New Jersey",2,SARPP,2,"..."," RPPs: Goods ","Index",103.692,104.486,100.122,102.128,104.270,104.746,101.977,103.792,103.487,101.766,106.894,105.340,105.502,101.826,104.754,105.761,107.066
 "35000","New Mexico",6,SARPP,2,"..."," RPPs: Goods ","Index",97.716,100.604,97.710,98.650,99.107,97.562,97.105,98.406,97.973,100.796,96.247,99.274,97.038,96.839,97.711,97.417,96.144
 "36000","New York",2,SARPP,2,"..."," RPPs: Goods ","Index",112.058,109.508,108.215,107.920,108.582,107.370,107.739,108.129,107.952,108.293,106.808,105.123,105.699,101.724,104.391,105.118,107.254
 "37000","North Carolina",5,SARPP,2,"..."," RPPs: Goods ","Index",96.613,94.282,96.915,96.359,95.556,96.004,95.710,94.962,95.864,95.682,95.705,95.665,95.404,96.231,95.560,96.793,96.621
 "38000","North Dakota",4,SARPP,2,"..."," RPPs: Goods ","Index",84.975,90.035,94.872,94.861,95.650,95.604,97.361,97.317,96.031,94.650,94.036,96.573,96.400,94.199,94.057,96.996,95.701
 "39000","Ohio",3,SARPP,2,"..."," RPPs: Goods ","Index",92.250,93.962,94.441,94.721,96.238,96.956,97.217,96.660,96.145,95.314,97.307,95.844,93.876,94.460,92.352,94.152,93.670
 "40000","Oklahoma",6,SARPP,2,"..."," RPPs: Goods ","Index",96.747,94.178,96.998,96.304,95.243,96.010,95.981,94.964,95.757,95.509,93.403,95.038,94.515,95.813,93.620,93.342,93.778
 "41000","Oregon",8,SARPP,2,"..."," RPPs: Goods ","Index",95.308,101.604,99.682,99.789,100.279,98.463,99.041,99.119,100.373,100.226,104.576,104.457,104.552,106.468,109.126,104.778,105.261
 "42000","Pennsylvania",2,SARPP,2,"..."," RPPs: Goods ","Index",101.813,101.737,99.855,100.380,99.692,98.229,98.360,100.482,100.310,99.933,99.725,97.105,97.354,95.335,96.869,98.431,99.357
 "44000","Rhode Island",1,SARPP,2,"..."," RPPs: Goods ","Index",100.294,100.917,97.622,97.913,97.546,97.323,97.201,98.646,98.393,99.268,100.770,98.941,98.016,98.197,101.033,98.279,97.165
 "45000","South Carolina",5,SARPP,2,"..."," RPPs: Goods ","Index",96.678,94.138,96.708,96.054,95.273,95.970,96.143,95.117,95.903,95.608,95.334,95.656,95.404,96.078,94.470,95.948,96.339
 "46000","South Dakota",4,SARPP,2,"..."," RPPs: Goods ","Index",84.318,89.520,94.614,94.655,95.966,95.800,97.203,96.979,95.813,94.622,95.784,97.786,96.637,93.799,93.965,97.400,95.473
 "47000","Tennessee",5,SARPP,2,"..."," RPPs: Goods ","Index",96.484,94.010,96.759,96.119,95.296,96.071,96.091,95.058,95.944,95.595,92.306,94.512,94.272,93.882,94.477,94.290,96.247
 "48000","Texas",6,SARPP,2,"..."," RPPs: Goods ","Index",97.135,96.069,98.107,96.528,97.599,97.571,97.360,97.124,98.439,97.129,97.050,97.868,98.161,98.495,97.218,98.137,98.083
 "49000","Utah",7,SARPP,2,"..."," RPPs: Goods ","Index",96.857,101.029,98.753,99.967,99.553,97.675,96.747,97.206,95.478,99.187,97.137,99.034,94.829,96.425,94.975,94.719,96.446
 "50000","Vermont",1,SARPP,2,"..."," RPPs: Goods ","Index",100.666,101.224,98.382,98.433,99.047,98.244,98.011,98.977,98.680,99.515,100.702,98.777,98.669,98.349,100.459,97.866,97.274
 "51000","Virginia",5,SARPP,2,"..."," RPPs: Goods ","Index",102.705,101.773,101.665,100.589,99.322,101.285,98.971,98.594,99.194,98.619,99.718,99.060,99.368,101.422,100.492,101.101,100.368
 "53000","Washington",8,SARPP,2,"..."," RPPs: Goods ","Index",104.427,104.767,103.083,103.698,100.345,100.950,102.235,103.556,102.713,105.885,105.033,106.385,108.915,111.956,113.544,106.853,104.359
 "54000","West Virginia",5,SARPP,2,"..."," RPPs: Goods ","Index",96.907,94.436,97.359,96.096,94.224,95.511,95.089,94.391,95.363,94.443,95.350,95.725,95.256,96.619,94.517,95.658,96.539
 "55000","Wisconsin",3,SARPP,2,"..."," RPPs: Goods ","Index",91.232,94.873,95.571,95.363,96.759,96.073,96.838,98.396,97.334,97.379,98.060,96.694,94.500,95.139,92.525,94.305,94.310
 "56000","Wyoming",7,SARPP,2,"..."," RPPs: Goods ","Index",99.314,98.977,98.582,98.817,98.739,97.752,97.779,100.982,101.786,102.111,96.128,98.634,97.237,96.387,96.810,97.108,95.368
 "00000","United States", ,SARPP,3,"..."," RPPs: Services: Housing ","Index",100.424,100.455,100.391,100.399,100.366,100.370,100.386,100.419,100.389,100.430,100.422,100.398,100.615,100.595,100.594,100.574,100.629
 "01000","Alabama",5,SARPP,3,"..."," RPPs: Services: Housing ","Index",59.880,60.148,61.501,60.854,62.321,61.409,59.913,59.246,60.511,61.118,59.641,60.277,59.582,60.596,57.502,61.601,61.785
 "02000","Alaska",8,SARPP,3,"..."," RPPs: Services: Housing ","Index",105.956,119.666,113.679,109.994,116.474,114.823,116.652,114.548,108.720,109.380,104.763,101.303,89.699,103.366,96.585,96.736,93.784
 "04000","Arizona",6,SARPP,3,"..."," RPPs: Services: Housing ","Index",103.316,99.867,96.898,94.775,95.176,93.617,92.740,93.772,92.448,93.527,94.255,93.582,97.944,102.346,106.244,108.561,106.804
 "05000","Arkansas",5,SARPP,3,"..."," RPPs: Services: Housing ","Index",58.671,57.419,59.830,61.012,60.322,59.938,60.244,59.372,59.309,57.639,56.160,56.808,56.872,59.435,55.671,56.737,58.203
 "06000","California",8,SARPP,3,"..."," RPPs: Services: Housing ","Index",161.361,160.404,158.028,157.145,156.194,155.709,157.935,158.044,160.083,162.521,163.834,164.636,166.329,164.990,160.121,157.831,154.346
 "08000","Colorado",7,SARPP,3,"..."," RPPs: Services: Housing ","Index",113.855,113.150,112.151,118.781,115.653,118.014,120.756,123.873,126.180,128.889,128.338,131.041,130.400,129.430,129.530,130.501,127.359
 "09000","Connecticut",1,SARPP,3,"..."," RPPs: Services: Housing ","Index",131.408,136.981,129.003,129.709,131.541,129.560,127.716,132.470,127.433,121.440,122.203,118.018,123.162,120.905,119.758,116.630,117.048
 "10000","Delaware",2,SARPP,3,"..."," RPPs: Services: Housing ","Index",93.736,104.504,99.375,98.182,98.121,98.895,103.868,95.175,94.403,94.651,99.301,96.016,91.873,96.955,99.095,98.932,102.015
 "11000","District of Columbia",2,SARPP,3,"..."," RPPs: Services: Housing ","Index",156.775,163.288,182.567,189.525,177.233,174.258,191.339,178.359,184.558,176.946,177.233,170.405,164.930,175.503,176.821,168.096,154.984
 "12000","Florida",5,SARPP,3,"..."," RPPs: Services: Housing ","Index",115.063,111.036,108.671,108.237,108.822,107.430,108.212,109.263,109.395,110.485,110.722,112.019,113.588,112.944,116.299,123.169,122.107
 "13000","Georgia",5,SARPP,3,"..."," RPPs: Services: Housing ","Index",82.749,83.201,81.465,80.917,80.474,79.380,79.430,80.455,81.228,81.731,81.806,81.847,83.079,85.384,87.644,88.293,88.694
 "15000","Hawaii",8,SARPP,3,"..."," RPPs: Services: Housing ","Index",146.805,145.890,143.051,142.953,137.589,153.495,146.484,153.726,139.348,149.674,143.002,142.640,136.430,140.322,132.250,128.690,125.304
 "16000","Idaho",7,SARPP,3,"..."," RPPs: Services: Housing ","Index",81.407,79.022,75.823,74.687,75.338,78.704,76.943,74.196,73.849,74.138,77.506,75.677,76.256,84.161,87.660,86.853,90.027
 "17000","Illinois",3,SARPP,3,"..."," RPPs: Services: Housing ","Index",103.047,103.928,104.955,104.202,102.294,103.047,102.823,103.287,101.386,99.945,99.171,97.680,97.642,96.165,94.087,92.404,93.944
 "18000","Indiana",3,SARPP,3,"..."," RPPs: Services: Housing ","Index",76.023,75.195,76.559,76.829,74.969,75.785,75.103,73.773,72.608,72.819,73.064,71.873,70.998,71.364,70.667,71.332,73.926
 "19000","Iowa",4,SARPP,3,"..."," RPPs: Services: Housing ","Index",66.588,70.226,70.041,71.287,71.077,71.739,72.076,70.031,70.951,72.780,71.328,69.467,67.151,66.236,67.107,65.979,65.322
 "20000","Kansas",4,SARPP,3,"..."," RPPs: Services: Housing ","Index",73.584,74.661,75.305,77.671,75.557,74.998,74.101,75.063,73.441,73.166,72.260,71.860,72.157,69.770,69.909,68.586,71.156
 "21000","Kentucky",5,SARPP,3,"..."," RPPs: Services: Housing ","Index",64.243,64.771,66.572,64.645,66.240,66.136,65.519,66.279,64.290,63.680,64.711,64.286,64.827,63.426,62.227,62.899,64.313
 "22000","Louisiana",5,SARPP,3,"..."," RPPs: Services: Housing ","Index",67.741,71.036,71.453,72.040,73.115,72.151,73.138,71.514,72.914,70.992,69.189,70.841,67.997,66.800,66.885,65.110,63.104
 "23000","Maine",1,SARPP,3,"..."," RPPs: Services: Housing ","Index",84.761,86.010,88.104,84.916,87.311,89.816,70.452,77.047,83.781,79.199,83.830,71.507,80.994,80.933,83.491,80.410,78.940
 "24000","Maryland",2,SARPP,3,"..."," RPPs: Services: Housing ","Index",132.407,134.587,133.425,135.458,133.632,137.389,136.301,131.505,128.755,127.738,128.333,128.300,128.120,124.171,122.983,119.858,121.079
 "25000","Massachusetts",1,SARPP,3,"..."," RPPs: Services: Housing ","Index",126.542,130.261,129.092,128.622,129.313,129.121,129.893,130.005,130.539,130.600,128.633,130.075,134.737,129.006,128.547,130.144,128.068
 "26000","Michigan",3,SARPP,3,"..."," RPPs: Services: Housing ","Index",87.756,85.047,86.793,83.858,83.248,82.703,83.341,80.739,82.391,80.997,80.701,81.969,80.667,80.683,80.836,78.936,82.332
 "27000","Minnesota",4,SARPP,3,"..."," RPPs: Services: Housing ","Index",97.610,95.862,92.954,92.597,94.808,94.854,93.047,97.248,95.285,95.364,95.446,97.472,90.648,93.080,97.295,90.657,91.281
 "28000","Mississippi",5,SARPP,3,"..."," RPPs: Services: Housing ","Index",59.336,58.120,59.997,60.395,59.842,59.591,59.130,58.588,59.115,59.060,56.680,55.388,55.312,56.145,56.789,54.923,56.456
 "29000","Missouri",4,SARPP,3,"..."," RPPs: Services: Housing ","Index",73.204,72.374,74.479,74.602,73.624,75.047,73.341,73.226,72.324,70.610,70.364,70.921,70.270,70.065,69.253,70.491,69.880
 "30000","Montana",7,SARPP,3,"..."," RPPs: Services: Housing ","Index",69.434,67.882,69.864,73.077,72.342,71.848,81.226,73.850,73.095,70.523,76.580,79.513,75.670,79.290,74.324,76.782,84.648
 "31000","Nebraska",4,SARPP,3,"..."," RPPs: Services: Housing ","Index",71.591,71.492,74.572,75.894,75.523,73.539,73.400,75.410,74.314,72.486,73.197,72.715,76.409,75.610,73.340,74.346,75.174
 "32000","Nevada",8,SARPP,3,"..."," RPPs: Services: Housing ","Index",119.284,111.315,108.019,106.700,104.100,101.797,97.810,98.742,97.795,100.174,102.569,105.623,105.890,107.869,111.728,113.316,114.135
 "33000","New Hampshire",1,SARPP,3,"..."," RPPs: Services: Housing ","Index",118.505,122.726,123.217,119.454,121.428,123.591,115.328,119.650,112.567,119.647,108.631,110.728,115.815,107.016,121.469,114.516,114.947
 "34000","New Jersey",2,SARPP,3,"..."," RPPs: Services: Housing ","Index",153.355,149.139,150.350,145.757,149.428,147.491,147.535,145.268,145.621,140.544,141.403,141.150,139.496,134.884,135.688,134.093,134.292
 "35000","New Mexico",6,SARPP,3,"..."," RPPs: Services: Housing ","Index",81.065,79.523,78.057,83.489,82.224,81.303,80.342,78.836,79.345,77.872,75.143,74.035,75.415,72.935,75.683,75.250,73.611
 "36000","New York",2,SARPP,3,"..."," RPPs: Services: Housing ","Index",130.887,133.008,135.213,137.138,136.225,135.954,135.794,134.327,133.736,130.961,129.993,129.316,132.330,131.476,124.713,121.963,122.168
 "37000","North Carolina",5,SARPP,3,"..."," RPPs: Services: Housing ","Index",74.276,75.265,75.389,76.346,75.771,75.954,76.334,75.763,74.661,75.488,75.286,75.422,74.982,75.977,78.770,80.848,81.364
 "38000","North Dakota",4,SARPP,3,"..."," RPPs: Services: Housing ","Index",63.159,64.358,61.863,69.121,76.781,80.067,78.426,78.073,86.058,71.547,72.080,76.983,72.102,70.781,65.750,69.255,71.421
 "39000","Ohio",3,SARPP,3,"..."," RPPs: Services: Housing ","Index",77.134,76.126,76.290,75.589,76.298,77.571,75.489,75.578,75.118,74.957,74.221,73.452,73.275,72.768,72.774,72.098,73.012
 "40000","Oklahoma",6,SARPP,3,"..."," RPPs: Services: Housing ","Index",61.910,64.275,65.682,66.056,66.014,67.247,67.830,66.381,66.082,66.049,65.926,64.105,63.495,63.894,63.165,64.981,62.763
 "41000","Oregon",8,SARPP,3,"..."," RPPs: Services: Housing ","Index",98.456,101.480,101.349,100.380,103.282,101.673,103.019,105.383,106.485,110.214,111.042,110.213,109.958,109.244,110.380,109.162,108.628
 "42000","Pennsylvania",2,SARPP,3,"..."," RPPs: Services: Housing ","Index",86.605,86.841,88.479,88.657,88.118,88.954,88.693,88.932,87.869,87.853,87.673,86.474,86.833,86.681,86.350,85.822,85.068
 "44000","Rhode Island",1,SARPP,3,"..."," RPPs: Services: Housing ","Index",117.576,117.747,115.844,115.295,107.864,108.805,113.808,113.131,108.077,106.712,110.156,108.689,102.878,109.070,104.191,102.657,105.620
 "45000","South Carolina",5,SARPP,3,"..."," RPPs: Services: Housing ","Index",72.511,74.611,74.630,75.272,75.702,74.309,73.410,74.555,73.918,74.010,73.924,74.444,74.557,76.098,78.691,80.499,80.490
 "46000","South Dakota",4,SARPP,3,"..."," RPPs: Services: Housing ","Index",59.177,56.525,62.155,59.125,68.014,68.292,62.650,62.178,62.101,64.719,66.911,66.283,63.643,64.882,65.057,64.807,67.642
 "47000","Tennessee",5,SARPP,3,"..."," RPPs: Services: Housing ","Index",72.531,73.215,73.386,73.225,74.657,73.461,71.926,72.763,74.561,75.140,73.758,76.012,75.786,76.262,76.767,77.920,79.070
 "48000","Texas",6,SARPP,3,"..."," RPPs: Services: Housing ","Index",87.983,88.199,89.262,89.676,91.094,91.435,93.567,93.957,95.552,95.243,95.248,95.836,95.775,95.582,96.999,97.454,96.503
 "49000","Utah",7,SARPP,3,"..."," RPPs: Services: Housing ","Index",97.173,100.982,92.604,97.052,96.811,98.038,94.981,93.617,98.990,95.621,96.829,97.326,97.258,99.172,105.305,106.165,107.814
 "50000","Vermont",1,SARPP,3,"..."," RPPs: Services: Housing ","Index",98.834,101.790,98.387,101.353,105.469,98.652,96.902,98.901,87.117,93.296,97.844,94.259,105.255,92.910,88.925,82.256,86.502
 "51000","Virginia",5,SARPP,3,"..."," RPPs: Services: Housing ","Index",112.942,114.183,114.416,114.511,113.385,115.836,115.230,114.868,111.762,110.862,112.595,107.425,111.377,110.147,107.738,105.569,106.799
 "53000","Washington",8,SARPP,3,"..."," RPPs: Services: Housing ","Index",117.385,116.780,114.326,116.285,113.900,115.006,117.885,119.584,123.093,125.500,128.144,129.503,126.117,125.629,127.615,125.542,125.979
 "54000","West Virginia",5,SARPP,3,"..."," RPPs: Services: Housing ","Index",56.475,56.879,58.806,58.908,58.674,60.470,59.326,61.693,59.156,58.609,58.376,58.662,56.486,59.144,53.827,56.200,54.241
 "55000","Wisconsin",3,SARPP,3,"..."," RPPs: Services: Housing ","Index",84.582,83.684,85.796,86.290,84.591,82.525,80.630,81.187,79.261,81.943,80.023,79.352,75.282,76.128,77.516,78.321,79.312
 "56000","Wyoming",7,SARPP,3,"..."," RPPs: Services: Housing ","Index",77.455,88.371,85.011,91.791,85.180,89.988,91.417,83.272,90.640,82.623,75.078,79.122,73.478,77.985,78.945,75.742,71.127
 "00000","United States", ,SARPP,4,"..."," RPPs: Services: Utilities ","Index",98.517,98.525,98.660,98.651,98.725,98.672,98.557,98.486,98.518,98.535,98.445,98.516,98.586,98.719,98.558,98.634,98.441
 "01000","Alabama",5,SARPP,4,"..."," RPPs: Services: Utilities ","Index",90.905,90.970,92.959,93.098,95.092,93.467,94.270,94.682,94.749,93.702,87.972,86.366,84.817,86.588,87.954,89.907,84.643
 "02000","Alaska",8,SARPP,4,"..."," RPPs: Services: Utilities ","Index",89.924,103.870,106.098,110.705,113.130,118.265,112.924,116.966,123.388,123.106,129.707,131.617,127.714,116.751,108.461,113.322,119.021
 "04000","Arizona",6,SARPP,4,"..."," RPPs: Services: Utilities ","Index",96.373,96.260,104.340,104.288,100.543,99.019,100.348,101.048,97.467,98.970,99.777,92.567,90.047,87.817,87.219,83.278,92.317
 "05000","Arkansas",5,SARPP,4,"..."," RPPs: Services: Utilities ","Index",81.221,79.472,78.895,79.095,81.789,81.468,81.277,84.454,83.698,83.143,79.257,78.449,81.646,82.595,82.589,81.915,74.731
 "06000","California",8,SARPP,4,"..."," RPPs: Services: Utilities ","Index",111.411,112.819,117.197,115.298,117.080,121.446,128.277,129.312,129.462,130.666,125.054,130.969,133.500,144.187,152.286,147.282,158.899
 "08000","Colorado",7,SARPP,4,"..."," RPPs: Services: Utilities ","Index",78.335,78.751,83.911,90.997,85.692,83.488,96.816,89.158,89.326,86.066,84.522,88.401,88.472,85.416,89.402,86.763,84.971
 "09000","Connecticut",1,SARPP,4,"..."," RPPs: Services: Utilities ","Index",154.518,157.079,146.668,138.338,135.089,134.234,135.620,139.094,142.796,144.606,140.713,143.385,159.900,146.482,140.026,153.214,146.495
 "10000","Delaware",2,SARPP,4,"..."," RPPs: Services: Utilities ","Index",111.850,117.737,116.396,117.189,117.261,111.723,105.000,103.984,102.975,101.969,99.485,99.575,98.398,93.511,95.657,104.409,103.810
 "11000","District of Columbia",2,SARPP,4,"..."," RPPs: Services: Utilities ","Index",126.645,130.051,117.196,114.553,110.895,113.939,109.776,113.368,113.090,111.630,106.840,106.071,106.297,114.530,104.527,108.958,112.821
 "12000","Florida",5,SARPP,4,"..."," RPPs: Services: Utilities ","Index",98.621,101.197,96.177,95.335,93.501,93.632,95.317,92.394,89.913,87.462,91.102,94.359,89.813,89.964,94.767,93.739,90.074
 "13000","Georgia",5,SARPP,4,"..."," RPPs: Services: Utilities ","Index",91.012,89.392,93.128,97.802,98.028,97.684,96.783,98.421,98.093,99.431,94.443,96.813,96.841,95.674,97.500,92.326,92.814
 "15000","Hawaii",8,SARPP,4,"..."," RPPs: Services: Utilities ","Index",210.551,180.341,161.445,214.597,209.693,209.999,195.343,176.909,168.692,169.979,195.323,203.823,189.782,181.981,196.374,191.733,190.178
 "16000","Idaho",7,SARPP,4,"..."," RPPs: Services: Utilities ","Index",66.403,72.184,76.137,76.606,79.837,80.955,82.292,83.517,84.472,79.730,73.937,74.687,75.205,68.390,66.314,68.053,70.444
 "17000","Illinois",3,SARPP,4,"..."," RPPs: Services: Utilities ","Index",94.201,89.927,90.755,90.068,86.956,81.253,88.405,89.374,89.688,91.414,91.810,83.930,84.741,86.068,88.189,80.449,84.952
 "18000","Indiana",3,SARPP,4,"..."," RPPs: Services: Utilities ","Index",85.756,88.137,82.751,85.528,85.856,86.136,84.447,85.214,83.718,88.226,91.969,88.667,90.106,90.822,86.762,84.719,85.545
 "19000","Iowa",4,SARPP,4,"..."," RPPs: Services: Utilities ","Index",84.833,86.200,88.595,84.320,85.069,85.946,83.066,82.240,82.903,87.435,97.200,97.031,97.312,99.122,98.065,87.281,83.274
 "20000","Kansas",4,SARPP,4,"..."," RPPs: Services: Utilities ","Index",85.383,87.602,89.814,87.040,86.988,89.501,87.648,90.461,92.719,96.879,103.916,99.859,101.520,100.747,102.966,90.820,88.438
 "21000","Kentucky",5,SARPP,4,"..."," RPPs: Services: Utilities ","Index",73.473,73.724,75.446,78.958,82.439,82.736,85.353,85.808,85.654,85.563,79.178,77.471,76.152,79.661,81.815,80.920,75.313
 "22000","Louisiana",5,SARPP,4,"..."," RPPs: Services: Utilities ","Index",87.832,73.091,80.089,78.446,75.009,79.978,80.700,79.066,78.565,77.806,76.532,77.413,76.778,80.730,84.337,76.732,71.463
 "23000","Maine",1,SARPP,4,"..."," RPPs: Services: Utilities ","Index",137.732,136.766,126.836,125.460,121.078,117.851,120.769,121.375,122.125,124.069,128.731,131.897,133.540,128.006,138.295,148.199,135.189
 "24000","Maryland",2,SARPP,4,"..."," RPPs: Services: Utilities ","Index",123.938,128.541,114.376,108.438,105.913,107.899,102.889,107.204,114.099,108.734,102.969,103.965,104.612,105.070,102.140,108.719,110.860
 "25000","Massachusetts",1,SARPP,4,"..."," RPPs: Services: Utilities ","Index",150.037,142.576,114.169,120.237,127.420,115.454,109.978,117.737,133.160,148.837,151.656,150.386,162.333,155.839,151.323,166.124,152.070
 "26000","Michigan",3,SARPP,4,"..."," RPPs: Services: Utilities ","Index",95.812,103.343,104.788,104.916,106.399,105.923,99.348,99.434,100.023,101.165,102.370,98.742,103.078,101.741,97.677,99.706,100.150
 "27000","Minnesota",4,SARPP,4,"..."," RPPs: Services: Utilities ","Index",84.764,84.138,83.638,82.839,85.657,85.879,87.169,86.076,90.175,90.611,96.421,92.734,91.922,92.063,89.095,89.380,90.836
 "28000","Mississippi",5,SARPP,4,"..."," RPPs: Services: Utilities ","Index",85.773,81.719,82.038,82.246,84.863,85.353,88.630,90.073,85.786,87.168,81.019,79.410,78.201,80.653,80.354,83.484,78.415
 "29000","Missouri",4,SARPP,4,"..."," RPPs: Services: Utilities ","Index",78.368,83.044,87.210,88.667,89.618,87.886,83.074,87.950,85.241,89.967,92.670,92.820,93.591,91.615,83.842,85.647,79.406
 "30000","Montana",7,SARPP,4,"..."," RPPs: Services: Utilities ","Index",76.511,75.940,80.510,85.265,84.817,84.682,84.208,85.852,86.962,83.182,76.893,79.222,79.220,74.693,72.922,72.788,72.254
 "31000","Nebraska",4,SARPP,4,"..."," RPPs: Services: Utilities ","Index",76.102,78.056,79.751,78.763,81.366,82.213,78.656,80.092,79.393,82.221,87.322,86.077,87.202,86.340,84.785,79.425,75.604
 "32000","Nevada",8,SARPP,4,"..."," RPPs: Services: Utilities ","Index",94.866,100.471,105.209,100.244,101.612,97.213,105.481,104.174,93.145,88.699,83.194,87.248,85.028,76.314,83.799,91.271,90.510
 "33000","New Hampshire",1,SARPP,4,"..."," RPPs: Services: Utilities ","Index",134.300,138.380,126.840,131.725,130.533,123.945,126.594,131.023,137.120,143.760,142.819,144.956,144.015,140.883,149.225,156.224,133.663
 "34000","New Jersey",2,SARPP,4,"..."," RPPs: Services: Utilities ","Index",132.521,134.976,130.368,128.257,126.425,122.733,111.181,107.421,112.006,110.571,113.308,117.236,120.726,115.504,105.520,114.771,114.187
 "35000","New Mexico",6,SARPP,4,"..."," RPPs: Services: Utilities ","Index",82.628,80.896,90.520,93.250,94.238,93.330,98.051,95.292,92.143,92.414,82.023,80.814,83.880,81.699,83.421,77.909,77.895
 "36000","New York",2,SARPP,4,"..."," RPPs: Services: Utilities ","Index",147.591,145.798,140.658,138.304,131.690,133.835,130.395,123.178,124.480,128.567,135.395,133.735,138.698,137.922,129.729,135.374,134.370
 "37000","North Carolina",5,SARPP,4,"..."," RPPs: Services: Utilities ","Index",85.355,85.538,87.603,87.331,90.527,89.837,90.377,90.959,88.401,85.352,86.841,89.171,87.716,84.570,82.490,83.625,88.619
 "38000","North Dakota",4,SARPP,4,"..."," RPPs: Services: Utilities ","Index",73.110,71.837,75.472,73.257,74.346,74.914,73.304,74.147,74.920,77.183,84.641,84.696,85.568,88.043,82.973,75.031,73.669
 "39000","Ohio",3,SARPP,4,"..."," RPPs: Services: Utilities ","Index",98.792,99.686,94.193,93.138,93.438,95.003,91.862,91.318,88.450,89.000,94.481,90.749,91.263,91.893,87.565,89.234,95.823
 "40000","Oklahoma",6,SARPP,4,"..."," RPPs: Services: Utilities ","Index",78.856,75.342,81.215,80.922,82.835,81.647,83.861,85.208,84.912,83.622,79.452,79.213,77.916,79.565,83.170,80.246,73.882
 "41000","Oregon",8,SARPP,4,"..."," RPPs: Services: Utilities ","Index",84.178,88.046,86.416,92.572,95.011,89.528,95.346,99.399,95.983,94.516,92.546,95.547,95.626,96.989,90.797,90.978,107.046
 "42000","Pennsylvania",2,SARPP,4,"..."," RPPs: Services: Utilities ","Index",109.035,111.860,110.339,113.689,110.142,110.385,102.342,103.627,105.309,108.429,111.417,112.636,109.048,106.100,109.752,118.336,109.321
 "44000","Rhode Island",1,SARPP,4,"..."," RPPs: Services: Utilities ","Index",137.175,138.837,129.904,122.991,117.550,121.608,125.449,129.569,131.393,130.893,138.807,141.196,156.880,146.201,133.564,145.115,146.653
 "45000","South Carolina",5,SARPP,4,"..."," RPPs: Services: Utilities ","Index",86.149,87.179,89.386,91.161,94.983,94.668,97.359,97.760,96.897,94.525,93.229,95.954,93.676,90.733,89.208,85.849,88.303
 "46000","South Dakota",4,SARPP,4,"..."," RPPs: Services: Utilities ","Index",77.039,76.684,79.633,76.360,78.878,80.191,78.946,79.767,80.929,83.078,90.529,89.295,90.647,94.867,88.740,81.340,79.651
 "47000","Tennessee",5,SARPP,4,"..."," RPPs: Services: Utilities ","Index",79.286,79.707,80.210,83.319,84.153,82.024,84.161,83.838,83.393,82.109,77.962,76.276,73.975,76.016,77.345,76.412,72.137
 "48000","Texas",6,SARPP,4,"..."," RPPs: Services: Utilities ","Index",101.428,96.184,98.076,94.438,93.113,95.703,94.863,91.057,91.923,88.022,87.510,87.680,84.983,86.221,88.663,92.420,87.512
 "49000","Utah",7,SARPP,4,"..."," RPPs: Services: Utilities ","Index",70.023,74.408,80.270,83.066,89.125,87.777,90.979,92.680,90.661,85.114,78.017,78.480,78.769,71.864,71.695,73.029,78.739
 "50000","Vermont",1,SARPP,4,"..."," RPPs: Services: Utilities ","Index",129.042,134.773,130.307,134.222,135.368,133.008,127.886,126.637,130.198,130.022,128.844,125.861,140.700,130.555,117.504,122.125,125.833
 "51000","Virginia",5,SARPP,4,"..."," RPPs: Services: Utilities ","Index",90.929,94.133,92.169,92.346,94.967,92.476,92.911,94.534,94.102,91.540,92.564,94.628,93.859,91.928,92.068,92.386,92.185
 "53000","Washington",8,SARPP,4,"..."," RPPs: Services: Utilities ","Index",79.674,81.860,84.570,87.261,89.867,92.131,90.407,95.312,93.600,92.699,94.461,97.215,97.224,92.161,85.670,84.036,92.860
 "54000","West Virginia",5,SARPP,4,"..."," RPPs: Services: Utilities ","Index",71.250,75.156,78.306,80.270,84.698,81.200,80.776,86.277,90.779,88.271,85.457,86.483,87.692,85.363,85.326,87.799,92.242
 "55000","Wisconsin",3,SARPP,4,"..."," RPPs: Services: Utilities ","Index",99.114,98.384,99.692,96.718,96.218,98.318,95.922,96.714,96.674,96.992,97.767,92.997,93.869,95.385,89.857,89.490,89.906
 "56000","Wyoming",7,SARPP,4,"..."," RPPs: Services: Utilities ","Index",70.198,74.239,79.399,83.347,85.381,84.639,86.798,89.284,90.307,87.715,80.503,81.581,82.366,76.177,77.026,74.064,78.422
 "00000","United States", ,SARPP,5,"..."," RPPs: Services: Other ","Index",100.306,100.302,100.259,100.266,100.248,100.245,100.238,100.221,100.219,100.218,100.241,100.217,100.183,100.182,100.207,100.186,100.147
 "01000","Alabama",5,SARPP,5,"..."," RPPs: Services: Other ","Index",97.757,96.689,98.430,99.760,100.783,99.949,99.939,100.041,100.582,98.995,95.933,96.859,96.477,96.148,97.131,98.178,96.711
 "02000","Alaska",8,SARPP,5,"..."," RPPs: Services: Other ","Index",102.853,103.420,99.919,101.223,99.530,99.551,100.170,99.812,100.713,101.755,104.399,103.886,103.822,102.606,101.401,104.417,102.208
 "04000","Arizona",6,SARPP,5,"..."," RPPs: Services: Other ","Index",102.292,102.100,102.121,100.535,98.828,100.928,99.873,98.670,101.545,99.881,99.392,100.848,99.676,96.409,100.099,101.173,102.808
 "05000","Arkansas",5,SARPP,5,"..."," RPPs: Services: Other ","Index",97.122,95.845,97.368,98.897,100.078,99.773,99.863,99.540,99.539,98.140,97.886,97.245,99.408,97.176,95.950,95.701,95.312
 "06000","California",8,SARPP,5,"..."," RPPs: Services: Other ","Index",101.932,101.998,101.665,101.604,101.945,101.796,101.899,102.750,101.909,103.260,104.265,102.444,101.934,102.110,103.856,104.384,102.591
 "08000","Colorado",7,SARPP,5,"..."," RPPs: Services: Other ","Index",100.901,100.494,97.526,100.351,101.397,101.030,100.041,99.814,98.534,98.760,95.304,95.907,97.826,96.748,96.139,96.461,99.613
 "09000","Connecticut",1,SARPP,5,"..."," RPPs: Services: Other ","Index",104.566,104.095,102.276,103.945,102.687,103.589,103.196,103.319,104.028,104.394,100.150,102.250,102.440,100.845,104.940,102.979,102.658
 "10000","Delaware",2,SARPP,5,"..."," RPPs: Services: Other ","Index",100.607,100.588,101.476,99.000,99.288,98.938,100.980,98.975,99.472,100.859,100.805,101.704,100.048,99.865,100.124,99.400,101.235
 "11000","District of Columbia",2,SARPP,5,"..."," RPPs: Services: Other ","Index",105.297,105.045,105.972,106.003,104.288,105.099,106.878,106.848,104.743,102.861,103.694,102.121,103.734,102.302,104.225,102.866,102.964
 "12000","Florida",5,SARPP,5,"..."," RPPs: Services: Other ","Index",99.015,98.966,99.757,100.961,100.905,100.268,100.500,101.798,101.337,100.108,99.208,98.301,98.815,100.399,101.180,101.507,101.324
 "13000","Georgia",5,SARPP,5,"..."," RPPs: Services: Other ","Index",99.088,92.545,98.565,95.960,99.593,98.544,99.069,98.040,98.261,98.570,97.396,97.340,97.420,98.817,96.844,98.833,97.343
 "15000","Hawaii",8,SARPP,5,"..."," RPPs: Services: Other ","Index",99.239,103.498,99.441,99.512,99.149,100.886,99.723,99.773,99.146,98.274,98.346,100.164,104.029,104.353,102.767,102.094,102.898
 "16000","Idaho",7,SARPP,5,"..."," RPPs: Services: Other ","Index",100.474,100.132,98.346,100.637,99.320,99.754,99.691,99.426,97.022,99.527,95.618,96.463,95.723,92.043,91.872,93.260,99.015
 "17000","Illinois",3,SARPP,5,"..."," RPPs: Services: Other ","Index",100.523,101.607,101.312,101.640,101.263,100.675,99.025,98.408,100.219,100.888,100.560,98.909,101.418,102.095,103.022,99.817,100.156
 "18000","Indiana",3,SARPP,5,"..."," RPPs: Services: Other ","Index",98.269,98.318,97.835,95.652,96.468,96.741,95.799,94.003,94.845,94.012,96.630,98.316,98.009,98.303,98.088,97.682,99.145
 "19000","Iowa",4,SARPP,5,"..."," RPPs: Services: Other ","Index",96.453,96.784,96.306,92.937,94.542,94.665,94.320,91.942,92.216,91.218,96.212,96.318,96.235,95.323,91.974,92.259,92.927
 "20000","Kansas",4,SARPP,5,"..."," RPPs: Services: Other ","Index",96.679,96.944,97.667,96.244,97.513,96.517,97.525,95.946,95.616,94.796,96.995,96.981,97.118,96.601,92.873,93.001,93.816
 "21000","Kentucky",5,SARPP,5,"..."," RPPs: Services: Other ","Index",97.635,96.585,97.376,98.651,99.219,99.145,99.055,98.518,98.401,97.334,96.318,96.911,96.430,96.491,97.045,97.914,97.250
 "22000","Louisiana",5,SARPP,5,"..."," RPPs: Services: Other ","Index",97.667,96.798,98.371,99.710,100.497,100.141,100.127,100.446,101.099,99.195,98.222,97.153,99.513,98.776,97.346,95.635,95.706
 "23000","Maine",1,SARPP,5,"..."," RPPs: Services: Other ","Index",100.905,101.006,99.767,98.095,98.381,100.848,96.661,99.991,100.433,102.193,99.633,101.504,102.814,101.429,106.064,103.314,103.191
 "24000","Maryland",2,SARPP,5,"..."," RPPs: Services: Other ","Index",104.040,104.123,103.876,104.992,102.704,103.031,103.670,105.140,103.859,103.840,102.775,101.134,102.368,102.434,101.103,100.808,101.596
 "25000","Massachusetts",1,SARPP,5,"..."," RPPs: Services: Other ","Index",104.767,103.273,102.005,100.903,100.341,98.755,99.355,101.021,104.943,103.285,104.263,102.894,103.429,100.852,104.877,105.020,102.852
 "26000","Michigan",3,SARPP,5,"..."," RPPs: Services: Other ","Index",99.296,98.677,97.814,96.478,96.450,96.989,97.448,95.251,94.577,93.358,96.249,99.225,98.127,98.374,97.932,98.499,100.933
 "27000","Minnesota",4,SARPP,5,"..."," RPPs: Services: Other ","Index",97.684,99.845,99.537,98.243,97.395,98.257,98.919,96.970,97.364,95.565,100.173,98.433,99.551,99.218,96.438,98.910,100.213
 "28000","Mississippi",5,SARPP,5,"..."," RPPs: Services: Other ","Index",96.576,94.658,96.632,98.475,99.185,99.389,99.557,98.754,98.426,96.698,95.689,96.163,95.194,94.692,97.097,97.669,96.090
 "29000","Missouri",4,SARPP,5,"..."," RPPs: Services: Other ","Index",95.610,96.909,97.981,97.086,96.835,96.626,98.273,95.748,95.648,96.305,96.485,96.468,95.971,95.272,94.882,94.402,95.169
 "30000","Montana",7,SARPP,5,"..."," RPPs: Services: Other ","Index",100.695,99.771,97.951,99.606,98.541,99.697,99.663,99.416,96.729,99.245,96.591,97.312,96.269,92.540,92.685,93.615,98.715
 "31000","Nebraska",4,SARPP,5,"..."," RPPs: Services: Other ","Index",97.204,97.087,96.417,94.495,95.599,95.631,95.271,93.089,93.286,92.431,96.520,96.733,96.697,95.859,92.462,91.855,92.980
 "32000","Nevada",8,SARPP,5,"..."," RPPs: Services: Other ","Index",99.360,101.089,99.660,102.696,102.109,101.041,101.479,100.165,98.651,100.600,95.427,97.345,95.408,91.558,91.977,94.260,98.744
 "33000","New Hampshire",1,SARPP,5,"..."," RPPs: Services: Other ","Index",106.839,103.832,101.900,100.743,99.266,98.954,98.297,100.794,104.341,103.462,102.523,103.133,103.430,100.646,105.119,105.060,103.879
 "34000","New Jersey",2,SARPP,5,"..."," RPPs: Services: Other ","Index",98.713,104.671,103.653,104.320,102.343,101.668,104.421,103.862,103.888,106.467,106.144,107.295,106.010,107.318,104.967,104.486,103.529
 "35000","New Mexico",6,SARPP,5,"..."," RPPs: Services: Other ","Index",99.813,100.870,99.424,101.860,100.433,100.075,100.326,99.798,97.980,99.528,95.491,97.260,95.735,91.758,92.424,93.780,98.540
 "36000","New York",2,SARPP,5,"..."," RPPs: Services: Other ","Index",104.923,105.035,103.407,105.259,103.308,104.143,102.705,104.363,105.415,105.571,105.548,106.440,105.872,107.860,104.322,104.944,104.067
 "37000","North Carolina",5,SARPP,5,"..."," RPPs: Services: Other ","Index",97.737,96.550,98.121,99.517,99.868,100.023,100.165,100.302,100.702,98.842,98.289,95.792,95.531,99.619,99.698,98.651,98.186
 "38000","North Dakota",4,SARPP,5,"..."," RPPs: Services: Other ","Index",96.304,96.074,95.386,93.684,95.477,94.658,94.651,92.072,91.460,91.134,95.810,96.511,96.321,95.065,92.541,89.628,91.158
 "39000","Ohio",3,SARPP,5,"..."," RPPs: Services: Other ","Index",97.780,99.100,98.083,96.082,96.430,95.958,96.144,94.766,95.780,95.421,96.307,98.489,97.529,97.547,97.703,97.519,98.947
 "40000","Oklahoma",6,SARPP,5,"..."," RPPs: Services: Other ","Index",97.350,96.115,97.726,98.845,99.930,99.631,99.713,99.873,100.108,98.546,97.713,96.852,99.467,97.618,96.359,95.705,95.458
 "41000","Oregon",8,SARPP,5,"..."," RPPs: Services: Other ","Index",100.501,99.756,99.454,100.034,101.365,101.649,99.428,101.235,97.148,99.988,103.375,101.781,100.363,99.087,104.461,104.177,100.298
 "42000","Pennsylvania",2,SARPP,5,"..."," RPPs: Services: Other ","Index",100.763,101.446,101.016,99.359,99.313,99.639,98.694,99.187,98.811,101.522,99.631,101.237,101.058,99.205,98.171,99.415,99.762
 "44000","Rhode Island",1,SARPP,5,"..."," RPPs: Services: Other ","Index",100.632,100.581,99.328,98.373,98.257,100.910,97.544,100.065,100.698,102.047,99.417,101.440,102.013,101.198,105.469,102.729,102.840
 "45000","South Carolina",5,SARPP,5,"..."," RPPs: Services: Other ","Index",97.580,96.392,98.205,99.496,99.940,99.876,99.748,100.155,100.682,98.974,97.869,95.671,95.008,99.857,99.415,97.933,98.284
 "46000","South Dakota",4,SARPP,5,"..."," RPPs: Services: Other ","Index",96.133,96.097,95.926,93.639,95.464,95.074,94.916,91.949,91.570,90.940,96.795,97.243,98.239,96.006,91.616,90.992,91.899
 "47000","Tennessee",5,SARPP,5,"..."," RPPs: Services: Other ","Index",97.357,96.305,98.282,99.735,100.686,99.871,99.801,100.107,100.787,98.909,94.486,95.928,95.054,94.536,96.563,97.083,95.142
 "48000","Texas",6,SARPP,5,"..."," RPPs: Services: Other ","Index",99.964,100.351,100.344,100.121,100.353,101.030,101.137,101.073,98.992,98.907,99.823,100.497,101.256,100.035,98.245,96.558,97.081
 "49000","Utah",7,SARPP,5,"..."," RPPs: Services: Other ","Index",99.410,100.960,99.269,101.975,100.965,100.321,100.510,99.736,98.139,100.250,95.941,96.877,95.991,92.453,92.268,94.494,98.959
 "50000","Vermont",1,SARPP,5,"..."," RPPs: Services: Other ","Index",100.292,100.277,99.338,97.759,97.843,101.359,97.210,100.214,100.732,102.197,99.776,101.055,102.238,99.917,105.079,101.657,101.586
 "51000","Virginia",5,SARPP,5,"..."," RPPs: Services: Other ","Index",101.185,99.609,102.403,102.616,101.776,101.848,103.591,104.095,102.895,100.563,100.783,98.711,99.131,100.970,101.868,100.572,100.233
 "53000","Washington",8,SARPP,5,"..."," RPPs: Services: Other ","Index",102.433,102.420,100.241,100.170,101.382,100.482,101.840,101.250,103.069,103.495,103.375,103.628,102.133,103.002,104.457,105.635,103.873
 "54000","West Virginia",5,SARPP,5,"..."," RPPs: Services: Other ","Index",97.552,96.129,97.652,98.885,99.684,100.129,100.413,100.220,99.449,97.566,98.455,95.752,95.921,100.266,101.020,99.856,99.940
 "55000","Wisconsin",3,SARPP,5,"..."," RPPs: Services: Other ","Index",97.220,97.044,96.950,94.935,95.863,96.063,96.146,93.850,95.058,94.745,95.913,98.343,97.962,98.112,97.817,97.957,99.501
 "56000","Wyoming",7,SARPP,5,"..."," RPPs: Services: Other ","Index",100.705,99.824,98.161,99.724,99.239,100.437,99.940,99.646,98.159,99.877,97.401,97.388,96.396,93.416,93.766,94.784,100.428
"Note: See the included footnote file."
"SARPP: Regional price parities by state "
"Last updated: February 19, 2026-- new statistics for 2024; revised statistics for 2008-2023."
"U.S. Bureau of Economic Analysis"
